name,rating,category,address,phone,website,plus_code,latitude,longitude,review_count,postal_code,Location,Total,Men,Women
Cykelexperten.dk,4.1,Bicycle Shop,"Slotsherrensvej 103, 2720 Copenhagen, Denmark", +45 72 30 18 17,https://cykelexperten.dk/," MFXF+5W Copenhagen, Denmark",55.6979846,12.3305582,587.0,2720,"2720 Vanløse (København Municipality, Frederiksberg Municipality)",33170.0,16384.0,16786.0
Recycle Cycling Business,5.0,Bicycle Repair Shop,"Nordre Frihavnsgade 76, 2100 Copenhagen, Denmark", +45 50 11 11 00,," PH3P+58 Copenhagen, Denmark",55.7028982,12.4416485,13.0,2100,2100 København Ø (København Municipality),91554.0,44085.0,47469.0
Cycling - Social Economic Bicycle Company,4.8,Bicycle Repair Shop,"Emblasgade 175, 2100 Copenhagen ã, Denmark",,http://www.cykelven.dk/," PH53+5G Copenhagen, Denmark",55.7028982,12.4416485,53.0,2100,2100 København Ø (København Municipality),91554.0,44085.0,47469.0
Fævfælledparken bikes,4.2,Bicycle Repair Shop,"Blegdamsvej 80, 2100 Copenhagen, Denmark", +45 23 86 33 33,," MHWC+99 Copenhagen, Denmark",55.7028982,12.4416485,61.0,2100,2100 København Ø (København Municipality),91554.0,44085.0,47469.0
Velosmart - Mobile Bicycle Service (Mobile Bicycle Matter),5.0,Bicycle Repair Shop,"Helgolandsgade 2, 3 TV, 1653 Copenhagen, Denmark", +45 60 62 91 19,," MHF6+47 Copenhagen, Denmark",55.7028982,12.4416485,15.0,1653,1653 København V (København Municipality),247.0,127.0,120.0
Chart,4.9,Bicycle Repair Shop,"Enghavevej 10, 1674 Copenhagen, Denmark", +45 93 80 73 70,https://kaedesmeden.dk/," MGCW+58 Copenhagen, Denmark",55.7028982,12.4416485,87.0,1674,1674 København V (København Municipality),1251.0,589.0,662.0
Bicycle space,4.7,Bicycle Repair Shop,"Navnorrebrogade 161, 2200 Copenhagen, Denmark", +45 50 51 05 44,http://cykelplads.dk/," MGVX+X3 Copenhagen, Denmark",55.7028982,12.4416485,49.0,2200,"2200 København N (København Municipality, Frederiksberg Municipality)",77258.0,36843.0,40415.0
Clean bike,4.9,Bicycle Repair Shop,"Martha Christensens Vej 47, 2300 Copenhagen, Denmark", +45 71 74 95 59,https://www.rencykel.dk/book-tid-bella-kvarteret," JHQJ+9V Copenhagen, Denmark",55.6384098,12.4380306,95.0,2300,"2300 København S (København Municipality, Tårnby Municipality)",153680.0,75670.0,78010.0
Clean bike: pick up and bring,4.7,Bicycle Repair Shop,"Speditøvej 9, 2450 Copenhagen, Denmark", +45 71 74 95 59,https://www.rencykel.dk/afhent," JGPQ+WH Copenhagen, Denmark",55.6384098,12.4380306,35.0,2450,2450 København SV (København Municipality),39490.0,20034.0,19456.0
Bicycle Workshop,3.6,Bicycle Shop,"Navygade 18, 1165 Copenhagen, Denmark", +45 27 85 85 84,," MHJC+CG Copenhagen, Denmark",55.6384098,12.4380306,63.0,1165,1165 København K (København Municipality),262.0,141.0,121.0
Rencykel.dk,4.5,Bicycle Repair Shop,"Robert Jacobsens Vej 70, 2300 Amager West, Denmark", +45 71 74 95 59,https://www.rencykel.dk/book-tid-orestad-8-tallet," JH9C+3V Amager Vest, Copenhagen, Denmark",55.6384098,12.4380306,158.0,2300,"2300 København S (København Municipality, Tårnby Municipality)",153680.0,75670.0,78010.0
Bicycle parking,4.0,Bicycle Rack,"Hedemannsgade, 2100 Copenhagen, Denmark",,," MHWF+9G Copenhagen, Denmark",55.6959383,12.4295805,2.0,2100,2100 København Ø (København Municipality),91554.0,44085.0,47469.0
Isaac Cycling service,4.8,Bicycle Shop,"Hunting Road 195, 2100 Copenhagen, Denmark", +45 27 82 23 82,," PH59+5X Copenhagen, Denmark",55.6959383,12.4295805,96.0,2100,2100 København Ø (København Municipality),91554.0,44085.0,47469.0
Bikelab Cph,5.0,Bicycle Shop,"Vesterbrogade 54, 1620 Copenhagen, Denmark", +45 61 62 25 66,https://www.bikelabcph.dk/," MHF3+3H Copenhagen, Denmark",55.6959383,12.4295805,26.0,1620,1620 København V (København Municipality),3160.0,1597.0,1563.0
YK Bicycle Workshop,4.6,Bicycle Repair Shop,"Tagensvej, 2200 Copenhagen, Denmark", +45 42 67 42 44,," PH22+9R Copenhagen, Denmark",55.6959383,12.4295805,46.0,2200,"2200 København N (København Municipality, Frederiksberg Municipality)",77258.0,36843.0,40415.0
FIX & FINNING BIKE,4.7,Bicycle Repair Shop,"Amagerbrogade 59, 2300 Copenhagen, Denmark", +45 93 97 56 58,https://fixogfaerdigbike.dk/," MJ63+R8 Copenhagen, Denmark",55.6959383,12.4295805,207.0,2300,"2300 København S (København Municipality, Tårnby Municipality)",153680.0,75670.0,78010.0
AMA'R CYCLESS Service,4.6,Bicycle Shop,"Holmbladsgade 27, 2300 Copenhagen S, Denmark", +45 32 57 89 79,https://www.amarcykelservice.dk/," MJ84+3F Copenhagen, Denmark",55.6959383,12.4295805,130.0,2300,"2300 København S (København Municipality, Tårnby Municipality)",153680.0,75670.0,78010.0
Dennis & Lotte's bikes,4.9,Bicycle Repair Shop,"Navy Voldgade 22, St, Th, 1358 Copenhagen, Denmark", +45 71 74 71 30,http://www.delocy.dk/," MHJ9+24 Copenhagen, Denmark",55.6959383,12.4295805,127.0,1358,1358 København K (København Municipality),393.0,199.0,194.0
Cycling place,3.7,Bicycle Shop,"Nørregade 28C, 1165 Copenhagen, Denmark",,," MHJC+MJ Copenhagen, Denmark",55.6959383,12.4295805,3.0,1165,1165 København K (København Municipality),262.0,141.0,121.0
The bicycle,4.3,Bicycle Repair Shop,"Enghavevej 51, 1674 Copenhagen, Denmark", +45 32 17 73 43,," MG9V+6W Copenhagen, Denmark",55.6959383,12.4295805,26.0,1674,1674 København V (København Municipality),1251.0,589.0,662.0
Kgs garden bikes,4.9,Bicycle Shop,"Søssøløvgade 26, 1307 Copenhagen, Denmark", +45 26 44 30 30,https://www.kgshavecykler.dk/," MHPJ+MQ Copenhagen, Denmark",55.6959383,12.4295805,166.0,1307,1307 København K (København Municipality),1681.0,691.0,990.0
Bicycle Ring |Bicycle store with Sales & Repair of Bicycles,4.2,Bicycle Repair Shop,"Peter Bangs Vej 60, 2000 Frederiksberg, Denmark", +45 38 11 70 04,https://cykelringen.dk/," MGH5+HF Frederiksberg, Denmark",55.6789187,12.3644978,26.0,2000,"2000 Frederiksberg (København Municipality, Frederiksberg Municipality)",71280.0,33522.0,37758.0
Bicycle Homas,4.8,Bicycle Repair Shop,"Ã Resundsvej 44, 2300 Copenhagen, Denmark", +45 42 60 13 13,http://www.cykelthomas.dk/," MJ67+37 Copenhagen, Denmark",55.660234,12.4689877,109.0,2300,"2300 København S (København Municipality, Tårnby Municipality)",153680.0,75670.0,78010.0
Haider Cycle Workshop,2.1,Bicycle Repair Shop,"Gormsgade 1, 2200 Copenhagen, Denmark", +45 52 92 71 49,https://haiderscykler.dk/," MGWW+R6 Copenhagen, Denmark",55.6970762,12.4013352,38.0,2200,"2200 København N (København Municipality, Frederiksberg Municipality)",77258.0,36843.0,40415.0
Recycles,4.8,Bicycle Shop,"Dybbøsgade 59, 1750 Copenhagen, Denmark", +45 31 33 90 28,http://recycles.dk/," MG8X+PC Copenhagen Municipality, Denmark",55.6970762,12.4013352,66.0,1750,1750 København V (København Municipality),820.0,408.0,412.0
Stars Bicycle Road,4.8,Bicycle Shop,"Ã Boulevard 9D, 1635 Copenhagen, Denmark", +45 22 99 29 46,," MHM4+69 Copenhagen, Denmark",55.6970762,12.4013352,106.0,1635,1635 København V (København Municipality),151.0,78.0,73.0
Bicycle repair,4.5,Bicycle Repair Shop,"Anker Heegaards Gade 2, 1572 Copenhagen, Denmark", +46 73 769 14 27,," MHCF+M3 Copenhagen, Denmark",55.6970762,12.4013352,45.0,1572,1572 København V (København Municipality),113.0,57.0,56.0
Kbh Ă Cikes,4.4,Bicycle Shop,"Ã Sterbrogade 147, 2100 Copenhagen, Denmark", +45 31 22 15 61,https://www.kbhcykler.dk/," PH7G+FV Copenhagen, Denmark",55.6970762,12.4013352,60.0,2100,2100 København Ø (København Municipality),91554.0,44085.0,47469.0
Bicycle-fix,5.0,Warehouse,"Navybrogade 10, 2200 Copenhagen, Denmark", +45 72 42 05 51,," MHQ6+3V Copenhagen, Denmark",55.6970762,12.4013352,1.0,2200,"2200 København N (København Municipality, Frederiksberg Municipality)",77258.0,36843.0,40415.0
Raised bicycles,4.2,Bicycle Shop,"Rae Dhus strands 9, 1466 Copenhagen, Denmark", +45 50 43 98 00,," MHGF+MR Copenhagen, Denmark",55.6970762,12.4013352,17.0,1466,1466 København K (København Municipality),110.0,60.0,50.0
France Street bikes,4.2,Bicycle Repair Shop,"Francesgade 2, 2300 Copenhagen, Denmark", +45 91 61 50 62,https://www.facebook.com/Frankrigsgade-Cykler-106674994626094," MJ64+55 Copenhagen, Denmark",55.6970762,12.4013352,25.0,2300,"2300 København S (København Municipality, Tårnby Municipality)",153680.0,75670.0,78010.0
Bicycle dealer,4.6,Bicycle Repair Shop,"Hillerågade 22, 2200 Copenhagen, Denmark",,," MGWR+W2 Copenhagen, Denmark",55.6970762,12.4013352,140.0,2200,"2200 København N (København Municipality, Frederiksberg Municipality)",77258.0,36843.0,40415.0
E-F bikes,4.7,Road Cycling,"Emdrupvej 14, 2100 Copenhagen, Denmark", +45 39 29 89 68,," PH93+GV Copenhagen, Denmark",55.6970762,12.4013352,50.0,2100,2100 København Ø (København Municipality),91554.0,44085.0,47469.0
Bike the boss,4.7,Bicycle Repair Shop,"Near Søgade 41, 1370 Copenhagen, Denmark", +45 71 45 50 73,," MHJ6+RJ Copenhagen, Denmark",55.6970762,12.4013352,151.0,1370,1370 København K (København Municipality),762.0,382.0,380.0
Gredtorvet City bikes,3.8,Bicycle Repair Shop,"Kongeeavevej 9, 2500 Copenhagen, Denmark", +45 64 63 32 22,," MG43+7W Copenhagen, Denmark",55.6970762,12.4013352,27.0,2500,2500 Valby (København Municipality),65522.0,32588.0,32934.0
Bike House I/S.,4.6,Bicycle Repair Shop,"Amagerbrogade 97, ST TH, 2300 Copenhagen S, Denmark", +45 36 20 05 88,https://www.instagram.com/bikehouse2300?igsh=NmlqZWF5eG1sdHd6," MJ54+MM Copenhagen, Denmark",55.6970762,12.4013352,21.0,2300,"2300 København S (København Municipality, Tårnby Municipality)",153680.0,75670.0,78010.0
Morben bikes,4.8,Bicycle Repair Shop,"Vennemindevej 63, 2100 Copenhagen, Denmark", +45 39 20 38 60,http://www.morbaercykler.dk/," PH79+CC Copenhagen, Denmark",55.6970762,12.4013352,25.0,2100,2100 København Ø (København Municipality),91554.0,44085.0,47469.0
The bike tank,5.0,Bicycle Shop,"BREAGE BREATHAVNSGADE 42, 2450 COOPULATION, DENMARK", +45 40 23 14 33,http://www.cykeltanken.dk/,No Plus Code,55.640406,12.3945635,3.0,2450,2450 København SV (København Municipality),39490.0,20034.0,19456.0
Bicycle smith Amagerbrogade,4.9,Bicycle Shop,"Amagerbrogade 2, 2300 Copenhagen, Denmark", +45 32 54 77 21,http://www.cykelsmeden-amager.dk/," MH9W+8G Copenhagen, Denmark",55.640406,12.3945635,69.0,2300,"2300 København S (København Municipality, Tårnby Municipality)",153680.0,75670.0,78010.0
Elme bikes,4.8,Road Cycling,"Navybrogade 32, 2200 Copenhagen N, Denmark", +45 60 60 60 18,http://www.elmecykler.dk/," MHQ5+HJ Copenhagen, Denmark",55.6889688,12.4148495,23.0,2200,"2200 København N (København Municipality, Frederiksberg Municipality)",77258.0,36843.0,40415.0
Vesterbro Bicycles by Jens Bernhard Nielsen,4.2,Bicycle Repair Shop,"Saxogade 111, 1662 Copenhagen, Denmark", +45 33 22 66 42,https://www.vesterbrocykler.dk/," MH82+JM Copenhagen, Denmark",55.6889688,12.4148495,56.0,1662,1662 København V (København Municipality),958.0,453.0,505.0
Ama'r bicycle expert,3.2,Bicycle Shop,"Ã Resundsvej 22, 2300 Copenhagen, Denmark", +45 53 65 88 15,," MJ56+R8 Copenhagen, Denmark",55.6889688,12.4148495,15.0,2300,"2300 København S (København Municipality, Tårnby Municipality)",153680.0,75670.0,78010.0
MS Bicycle Center,3.5,Bicycle Repair Shop,"Vester Farimagsgade 4, 1606 Copenhagen, Denmark", +45 61 65 53 15,http://mscykler.dk/," MHF6+RX Copenhagen, Denmark",55.6889688,12.4148495,47.0,1606,1606 København V (København Municipality),219.0,110.0,109.0
Elhassan Cykeletrksted,4.8,Bicycle Repair Shop,"Navnorrebrogade 203, 2200 Copenhagen, Denmark", +45 35 83 70 78,," MGXV+57 Copenhagen, Denmark",55.6979846,12.3305582,117.0,2200,"2200 København N (København Municipality, Frederiksberg Municipality)",77258.0,36843.0,40415.0
Norreport Bikes,3.8,Bicycle Shop,"Navy Voldgade 11, 1358 Copenhagen, Denmark", +45 50 82 00 04,https://norreportbikes.dk/," MHMC+78 Copenhagen, Denmark",55.6831486,12.426614,86.0,1358,1358 København K (København Municipality),393.0,199.0,194.0
City bikes,3.3,Bicycle Repair Shop,"Englandsvej 47, 2300 Copenhagen, Denmark", +45 27 71 47 47,," MJ33+84 Copenhagen, Denmark",55.6831486,12.426614,20.0,2300,"2300 København S (København Municipality, Tårnby Municipality)",153680.0,75670.0,78010.0
Marry Cykler,5.0,Bicycle Rental Service,"Frederiksborgvej 50 C, 2400 Copenhagen, Denmark", +45 31 13 11 65,https://www.rentbike.nu/," PG4J+FW Copenhagen, Denmark",55.6831486,12.426614,176.0,2400,2400 København NV (København Municipality),54410.0,27010.0,27400.0
Tukan bikes,4.7,Bicycle Repair Shop,"Brigadevej 6, 2300 Copenhagen, Denmark", +45 23 48 17 18,https://www.facebook.com/TukanCykler/," MJ72+4F Copenhagen, Denmark",55.6831486,12.426614,13.0,2300,"2300 København S (København Municipality, Tårnby Municipality)",153680.0,75670.0,78010.0
Bike Fixes,4.8,Bicycle Shop,"Amager Landevej 139 A B, 2770 Kastrup, Denmark", +45 91 81 13 14,," JJHF+99 Kastrup, Denmark",55.6284512,12.4792124,19.0,2770,"2770 Kastrup (København Municipality, Tårnby Municipality)",41142.0,20290.0,20852.0
Copenhagen Bicycle Cooperative,4.3,Bicycle Shop,"Blue Gåruds Gade 13, 2200 Copenhagen, Denmark", +45 35 35 34 46,http://www.kbhck.dk/," MHP5+RM Copenhagen, Denmark",55.6871125,12.4149511,31.0,2200,"2200 København N (København Municipality, Frederiksberg Municipality)",77258.0,36843.0,40415.0
The pedal athlete - electric bike test center,3.7,Electric Bicycle Store,"Oslo Pl.9, 2100 Copenhagen, Denmark", +45 70 70 75 13,http://www.pedalatleten.dk/," MHRP+VH Copenhagen, Denmark",55.6871125,12.4149511,262.0,2100,2100 København Ø (København Municipality),91554.0,44085.0,47469.0
Bicycle tech,4.5,Bicycle Repair Shop,"Randersgade 57, Kåled TV, 2100 Copenhagen, Denmark", +45 31 31 89 99,https://www.cykeltech.dk/," PH4J+M3 Copenhagen, Denmark",55.6871125,12.4149511,45.0,2100,2100 København Ø (København Municipality),91554.0,44085.0,47469.0
Bridge Shoe Bicycle Road,2.5,Bicycle Shop,"Frederikssundsvej 177a, st th, 2700 Copenhagen, Denmark", +45 27 82 23 32,," PF3W+RX Copenhagen, Denmark",55.6871125,12.4149511,8.0,2700,2700 Brønshøj (København Municipality),45950.0,22892.0,23058.0
POSITIFY - Bicycle Repair,5.0,Bicycle Repair Shop,"Puggaardsgade 3, 1573 Copenhagen, Denmark", +45 21 72 51 38,," MHCF+RF Copenhagen, Denmark",55.6871125,12.4149511,1.0,1573,1573 København V (København Municipality),357.0,185.0,172.0
Bike Time S.M.B.A.,2.6,Bicycle Shop,"Amagerbrogade 124, 2300 Copenhagen, Denmark", +45 93 91 01 81,http://biketime.dk/," MJ55+46 Copenhagen, Denmark",55.6871125,12.4149511,93.0,2300,"2300 København S (København Municipality, Tårnby Municipality)",153680.0,75670.0,78010.0
Bicycle smith,4.5,Bicycle Repair Shop,"Borgergade 26, Sal 45, 1300 Copenhagen, Denmark",,," MHMP+WG Copenhagen, Denmark",55.6871125,12.4149511,45.0,1300,1300 København K (København Municipality),493.0,240.0,253.0
FC bikes,3.3,Bicycle Repair Shop,"Frederikssundsvej 312B, 2700 Copenhagen, Denmark", +45 29 21 13 14,," PF6F+MG Copenhagen, Denmark",55.711673,12.3296215,12.0,2700,2700 Brønshøj (København Municipality),45950.0,22892.0,23058.0
Bredgade14,4.9,Mobile Phone Repair Shop,"Bredgade 14, 1260 Copenhagen, Denmark", +45 22 22 12 21,https://centrumreparation.dk/butikker-centrumreparation/bredgade-14/," MHJQ+M7 Copenhagen Municipality, Denmark",55.6816767,12.4440325,22.0,1260,1260 København K (København Municipality),370.0,196.0,174.0
Alex bikes,4.1,Bicycle Shop,"Amagerfelledvej 21-23, 2300 Copenhagen, Denmark", +45 32 57 22 70,http://www.alex-cykler.dk/," MH8W+92 Copenhagen Municipality, Denmark",55.6816767,12.4440325,85.0,2300,"2300 København S (København Municipality, Tårnby Municipality)",153680.0,75670.0,78010.0
Bicycle rack,4.5,Bicycle Rack,"2900 Copenhagen, Denmark",,," PHGG+X6 Copenhagen, Denmark",55.7274578,12.4313864,45.0,2900,"2900 Hellerup (København Municipality, Gentofte Municipality)",24799.0,11687.0,13112.0
Public bicycle pump and bicycle,5.0,Park,"JGFG+52, 2300 Copenhagen, Denmark",,,No Plus Code,55.6229427,12.3808843,1.0,2300,"2300 København S (København Municipality, Tårnby Municipality)",153680.0,75670.0,78010.0
Triangle bicycle parking,4.5,Bicycle Rack,"Trianglen, 2100 Copenhagen, Denmark",,," MHXG+J8 Copenhagen, Denmark",55.6990596,12.4316404,45.0,2100,2100 København Ø (København Municipality),91554.0,44085.0,47469.0
The bicycle strength (Amager),3.1,Bicycle Shop,"Reberbanegade 3, 2300 Copenhagen, Denmark", +45 32 57 68 48,https://www.cykelstyrken.dk/," MJ73+2W Copenhagen, Denmark",55.6990596,12.4316404,21.0,2300,"2300 København S (København Municipality, Tårnby Municipality)",153680.0,75670.0,78010.0
City bike Docking Station - Study Street/Bispetorvet,4.7,Bike Sharing Station,"Study Street 1, 1455 Copenhagen, Denmark",,http://bycyklen.dk/," MHHC+PM Copenhagen, Denmark",55.6990596,12.4316404,3.0,1455,1455 København K (København Municipality),364.0,174.0,190.0
CPH BIKE SHOP,4.4,Bicycle Shop,"Holmbladsgade 38, 2300 Copenhagen S, Denmark", +45 32 96 34 28,https://www.cphbikeshop.dk/," MJ74+XF Copenhagen, Denmark",55.6990596,12.4316404,154.0,2300,"2300 København S (København Municipality, Tårnby Municipality)",153680.0,75670.0,78010.0
The city bike docking station - arrow strand,3.7,Bike Sharing Station,"Arrow Street 65, 1112 Copenhagen, Denmark", +45 89 88 39 10,https://bycyklen.dk/," MHJG+QR Copenhagen, Denmark",55.6990596,12.4316404,3.0,1112,1112 København K (København Municipality),175.0,93.0,82.0
City bike Docking Station - Rae Dhus Square,4.5,Bike Sharing Station,"H. C. Andersen's Blvd.22, 1553 Copenhagen, Denmark", +45 89 88 39 10,https://bycyklen.dk/," MHG9+6F Copenhagen, Denmark",55.6990596,12.4316404,2.0,1553,1553 København V (København Municipality),418.0,210.0,208.0
R. M. Cycles,2.8,Bicycle Repair Shop,"Prinsessegade 61, 1422 Copenhagen, Denmark", +45 91 67 25 41,," MHFX+WH Copenhagen, Denmark",55.6990596,12.4316404,16.0,1422,1422 København K (København Municipality),852.0,404.0,448.0
City bike Docking Station - Sifs Plads,1.0,Bike Sharing Station,"Rådsrådsgade 90, 2200 Copenhagen, Denmark", +45 89 88 39 10,https://bycyklen.dk/," PH34+7X Copenhagen, Denmark",55.6990596,12.4316404,1.0,2200,"2200 København N (København Municipality, Frederiksberg Municipality)",77258.0,36843.0,40415.0
Bike Sharing Station,4.0,Bike Sharing Station,"Study Street 1, 1455 Copenhagen, Denmark",,," MHHC+PM Copenhagen, Denmark",55.6990596,12.4316404,1.0,1455,1455 København K (København Municipality),364.0,174.0,190.0
Cykelstativet ApS,4.5,Bicycle Shop,"Old Strand 42, 1202 Copenhagen, Denmark", +45 33 33 05 00,," MHHH+37 Copenhagen, Denmark",55.6990596,12.4316404,45.0,1202,1202 København K (København Municipality),43.0,23.0,20.0
Copenhagen Bikeshop,4.5,Bicycle Shop,"Hunting Road 68, 2200 Copenhagen, Denmark", +45 81 74 16 96,http://www.copenhagenbikeshop.dk/," MHW2+99 Copenhagen, Denmark",55.6959924,12.4067819,46.0,2200,"2200 København N (København Municipality, Frederiksberg Municipality)",77258.0,36843.0,40415.0
Hunting Road Cycling 101,4.8,Bicycle Shop,"Hunting Road 101, 2200 Copenhagen N, Denmark", +45 30 64 25 64,," MHW2+84 Copenhagen, Denmark",55.6959924,12.4067819,275.0,2200,"2200 København N (København Municipality, Frederiksberg Municipality)",77258.0,36843.0,40415.0
P. H. Cycles,5.0,Bicycle Shop,"Blegdamsvej 130, 2100 Copenhagen, Denmark", +45 35 42 33 11,https://www.facebook.com/pages/PH-Cykler/131757240368969," MHXG+CC Copenhagen, Denmark",55.6959924,12.4067819,79.0,2100,2100 København Ø (København Municipality),91554.0,44085.0,47469.0
Swan bikes,5.0,Bicycle Shop,"Ã Sterbrogade 165, 2100 Copenhagen, Denmark", +45 39 20 42 90,http://svanemoellenscykler.dk/," PH8G+4V Copenhagen, Denmark",55.6959924,12.4067819,265.0,2100,2100 København Ø (København Municipality),91554.0,44085.0,47469.0
Garden bikes,4.9,Bicycle Repair Shop,"Hunting Road 115, 2200 Copenhagen, Denmark", +45 60 30 13 24,," MHW2+JC Copenhagen, Denmark",55.6959924,12.4067819,96.0,2200,"2200 København N (København Municipality, Frederiksberg Municipality)",77258.0,36843.0,40415.0
Buddha Bikes,4.7,Bicycle Shop,"Emblasgade 175, 2100 Copenhagen, Denmark",,http://www.buddhabikes.dk/," PH53+3H Copenhagen, Denmark",55.6959924,12.4067819,298.0,2100,2100 København Ø (København Municipality),91554.0,44085.0,47469.0
Sali's Bike,4.8,Bicycle Shop,"H. P. ought Gade 1, 2100 Copenhagen, Denmark", +45 71 52 95 32,https://www.salisbike.dk/," PH56+X2 Copenhagen, Denmark",55.6959924,12.4067819,302.0,2100,2100 København Ø (København Municipality),91554.0,44085.0,47469.0
Lindhart bikes,4.9,Bicycle Shop,"Rørømersgade 7, 1362 Copenhagen, Denmark", +45 40 70 83 57,https://www.facebook.com/lindhartcykler," MHM9+83 Copenhagen, Denmark",55.6959924,12.4067819,47.0,1362,1362 København K (København Municipality),379.0,199.0,180.0
Neptune bikes,3.6,Bicycle Shop,"Teglholmsgade 4C, 2450 Copenhagen, Denmark", +45 61 50 50 81,https://neptuncykler.dk/," MG3V+69 Copenhagen, Denmark",55.6959924,12.4067819,182.0,2450,2450 København SV (København Municipality),39490.0,20034.0,19456.0
Søgade bikes,4.9,Bicycle Shop,"Søssøløvgade 104, 1307 Copenhagen K, Denmark", +45 33 15 97 46,http://xn--sgadecykler-ggb.dk/," MHRC+7P Copenhagen, Denmark",55.6959924,12.4067819,64.0,1307,1307 København K (København Municipality),1681.0,691.0,990.0
CPH BIKE EXPRESS,4.7,Bicycle Shop,"Borgbjergsvej 39, 2450 Copenhagen, Denmark", +45 32 12 54 77,," MG2P+4F Copenhagen, Denmark",55.6959924,12.4067819,154.0,2450,2450 København SV (København Municipality),39490.0,20034.0,19456.0
Bike the master,4.8,Bicycle Shop,"Borgergade 26, 1300 Inner City, Denmark", +45 44 94 00 44,," MHMP+WG Indre By, Copenhagen, Denmark",55.6959924,12.4067819,709.0,1300,1300 København K (København Municipality),493.0,240.0,253.0
Gold Star Cycles v/Sørren C Jörgensen,4.9,Bicycle Shop,"Amagerbrogade 9B, 2300 Copenhagen, Denmark", +45 32 58 70 49,," MH9W+3X Copenhagen, Denmark",55.6959924,12.4067819,54.0,2300,"2300 København S (København Municipality, Tårnby Municipality)",153680.0,75670.0,78010.0
Newton cycles,4.7,Bicycle Shop,"Amagerbrogade 267, 2300 Copenhagen, Denmark", +45 32 62 30 62,https://newtoncykler.dk/," JJV8+J7 Copenhagen, Denmark",55.6959924,12.4067819,46.0,2300,"2300 København S (København Municipality, Tårnby Municipality)",153680.0,75670.0,78010.0
King's bikes,4.2,Bicycle Shop,"Store Kongensgade 63, 1264 Copenhagen, Denmark", +45 50 41 50 73,," MHMQ+V4 Copenhagen, Denmark",55.6959924,12.4067819,106.0,1264,1264 København K (København Municipality),1313.0,660.0,653.0
Retro bikes,4.8,Bicycle Shop,"Hunting Road 79, 2200 Copenhagen, Denmark", +45 60 15 94 44,," MGVX+WM Copenhagen, Denmark",55.6959924,12.4067819,102.0,2200,"2200 København N (København Municipality, Frederiksberg Municipality)",77258.0,36843.0,40415.0
Arosa bikes,4.9,Bicycle Shop,"Vesterbrogade 135, 1620 Copenhagen, Denmark", +45 61 65 35 93,http://arosacykler.dk/," MGCR+36 Copenhagen, Denmark",55.6959924,12.4067819,47.0,1620,1620 København V (København Municipality),3160.0,1597.0,1563.0
Islands Brygge bikes,4.4,Bicycle Shop,"Islands Brygge 15, 2300 Copenhagen, Denmark", +45 32 20 20 57,https://www.facebook.com/Islandsbryggecykler/," MH9H+37 Copenhagen, Denmark",55.6959924,12.4067819,82.0,2300,"2300 København S (København Municipality, Tårnby Municipality)",153680.0,75670.0,78010.0
V that 94,4.3,Bicycle Shop,"Navy Brogade 94, 2200 Copenhagen N, Denmark", +45 24 88 00 01,https://velo94.dk/," MHV2+3M Copenhagen, Denmark",55.6959924,12.4067819,92.0,2200,"2200 København N (København Municipality, Frederiksberg Municipality)",77258.0,36843.0,40415.0
Adam Bikes,4.8,Bicycle Shop,"Vesterbrogade 92, 1620 Copenhagen, Denmark", +45 61 66 63 98,http://www.vesterbrogade-shopping.dk/butik/adam-cykler-5047.html," MGCX+W9 Copenhagen, Denmark",55.6959924,12.4067819,45.0,1620,1620 København V (København Municipality),3160.0,1597.0,1563.0
Atlas bikes,4.7,Bicycle Shop,"Frederikssundsvej 18b, 2400 Copenhagen, Denmark", +45 35 82 78 74,http://www.atlascykler.dk/," PG2P+J5 Copenhagen, Denmark",55.6959924,12.4067819,61.0,2400,2400 København NV (København Municipality),54410.0,27010.0,27400.0
Emdrup Cycles,4.6,Bicycle Shop,"Frederiksborgvej 182, 2400 Copenhagen NV, Denmark", +45 20 61 46 60,," PGCJ+7J Copenhagen, Denmark",55.6959924,12.4067819,56.0,2400,2400 København NV (København Municipality),54410.0,27010.0,27400.0
A H Cycles,4.4,Bicycle Shop,"Istedgade 39, 1650 Copenhagen, Denmark", +45 36 89 38 00,http://www.ahcykler.dk/," MH94+XF Copenhagen, Denmark",55.6959924,12.4067819,104.0,1650,1650 København V (København Municipality),1506.0,746.0,760.0
Bike Expert,4.8,Road Cycling,"Crown Princess Street 38, 1306 Copenhagen, Denmark", +45 31 86 68 68,https://www.dba.dk/saelger/bike-expert/dbaboost/2497b837-c999-4f64-827c-87edacff9952," MHMM+W3 Copenhagen, Denmark",55.6959924,12.4067819,142.0,1306,1306 København K (København Municipality),648.0,310.0,338.0
Rosenborg Cycles,4.5,Bicycle Repair Shop,"Rosenborggade 3, 1130 Copenhagen, Denmark", +45 20 44 55 57,http://www.rosenborgcykler.dk/," MHMF+8G Copenhagen, Denmark",55.6959924,12.4067819,131.0,1130,1130 København K (København Municipality),115.0,59.0,56.0
Bicycle Express Classic & EL,4.1,Bicycle Shop,"Navy Brogade 46, 2200 Copenhagen N, Denmark", +45 35 35 81 82,https://cykelexpres.dk/vare-kategori/herrecykler/," MHQ4+QM Copenhagen, Denmark",55.6959924,12.4067819,136.0,2200,"2200 København N (København Municipality, Frederiksberg Municipality)",77258.0,36843.0,40415.0
Bike Hearing,4.9,Bicycle Repair Shop,"Nygårdsvej 27, 2100 Copenhagen, Denmark", +45 42 72 29 71,," PH6F+Q2 Copenhagen, Denmark",31.4802176,73.0923008,33.0,2100,2100 København Ø (København Municipality),91554.0,44085.0,47469.0
Noa bikes,3.9,Bicycle Shop,"Nordre Frihavnsgade 56, 2100 Copenhagen, Denmark", +45 50 69 76 75,http://www.noacykler.dk/," PH2M+W7 Copenhagen, Denmark",31.4802176,73.0923008,77.0,2100,2100 København Ø (København Municipality),91554.0,44085.0,47469.0
Bike Rental Copenhagen,3.9,Bicycle Rental Service,"Kongens Nytorv 8, 1050 Copenhagen, Denmark", +45 93 91 18 93,http://www.bikerentalcopenhagen.dk/," MHJP+HH Copenhagen, Denmark",31.4802176,73.0923008,99.0,1050,1050 København K (København Municipality),20.0,10.0,10.0
"Niko Cycles - Rentals, Sales, & Service",4.1,Bicycle Shop,"Krugså Gade 2, 1719 Copenhagen, Denmark", +45 71 43 26 07,," MH83+RQ Copenhagen, Denmark",31.4802176,73.0923008,50.0,1719,1719 København V (København Municipality),598.0,274.0,324.0
Christiania Bikes,4.3,Bicycle Shop,"Factory Area 91, 1440 Copenhagen K, Denmark", +45 70 70 76 80,https://christianiacykler.dk/," MJF2+FF Copenhagen, Denmark",31.4802176,73.0923008,48.0,1440,1440 København K (København Municipality),721.0,379.0,342.0
Blegdam's bikes,4.6,Bicycle Shop,"Blegdamsvej 40, 2100 Copenhagen, Denmark", +45 32 13 81 82,http://www.blegdamscykler.dk/," MHV8+79 Copenhagen, Denmark",31.4802176,73.0923008,37.0,2100,2100 København Ø (København Municipality),91554.0,44085.0,47469.0
Baisikeli,4.2,Bicycle Shop,"Ingerslevsgade 100, 1705 Copenhagen, Denmark", +45 26 70 02 29,http://www.baisikeli.dk/," MG89+HF Copenhagen, Denmark",31.4802176,73.0923008,299.0,1705,1705 København V (København Municipality),933.0,468.0,465.0
CPH BIKE RENTAL,4.3,Bicycle Rental Service,"Valhøjvej 2, 2500 Valby, Denmark", +45 26 70 02 29,," MG89+HF Valby, Copenhagen, Denmark",31.4802176,73.0923008,35.0,2500,2500 Valby (København Municipality),65522.0,32588.0,32934.0
Sport 24 Outlet,3.8,Sporting Goods Store,"Rørødovre Centrum 103, 2610 Rørødovre, Denmark", +45 30 21 37 85,https://www.sport24.dk/stores/sport24outlet-rodovre?utm_medium=organic&utm_source=google&utm_campaign=gmb-web&utm_content=roedovre-roedovre-centrum-sport24outlet," MFH4+RG Rdovre, Denmark",31.4802176,73.0923008,211.0,2610,"2610 Rødovre (København Municipality, Hvidovre Municipality, Rødovre Municipality)",45234.0,22230.0,23004.0
Free Bikeshop,4.8,Bicycle Shop,"Ã Sterbrogade 140, 2100 Copenhagen Ă, Denmark", +45 69 69 21 00,https://www.fribikeshop.dk/butikker/koebenhavn/oesterbrogade," PH4H+W3 Copenhagen, Denmark",31.4802176,73.0923008,29.0,2100,2100 København Ø (København Municipality),91554.0,44085.0,47469.0
Heino bikes,4.0,Bicycle Shop,"Lyngbyvej 165, 2100 Copenhagen, Denmark", +45 43 43 22 39,https://www.heino-cykler.dk/," PH94+Q4 Copenhagen, Denmark",31.4802176,73.0923008,90.0,2100,2100 København Ø (København Municipality),91554.0,44085.0,47469.0
Saxil cycles eam Sterbro,4.6,Bicycle Shop,"Ã sterfearled peat 19, 2100 Copenhagen, Denmark", +45 32 12 01 98,https://saxil-cykler.dk/," PH4G+7C Copenhagen, Denmark",31.4802176,73.0923008,117.0,2100,2100 København Ø (København Municipality),91554.0,44085.0,47469.0
Free Bikeshop,3.9,Bicycle Shop,"Tuborgvej 171, 2400 Copenhagen NV, Denmark", +45 41 22 44 22,https://www.fribikeshop.dk/butikker/koebenhavn/nordvest," PG9V+R2 Copenhagen, Denmark",31.4802176,73.0923008,64.0,2400,2400 København NV (København Municipality),54410.0,27010.0,27400.0
Velobless bikes,4.5,Bicycle Shop,"Ã Sterbrogade 147, 2100 Copenhagen Ă, Denmark", +45 39 29 09 29,https://velobless.dk/," PH7G+FV Copenhagen, Denmark",31.4802176,73.0923008,10.0,2100,2100 København Ø (København Municipality),91554.0,44085.0,47469.0
Bryggen City Cycles,3.7,Bicycle Shop,"Leifsgade 1, 2300 Copenhagen, Denmark", +45 35 36 92 22,https://m.facebook.com/people/Bryggen-City-Cykler/100065430521748/," MH8J+3M Copenhagen, Denmark",31.4802176,73.0923008,66.0,2300,"2300 København S (København Municipality, Tårnby Municipality)",153680.0,75670.0,78010.0
Vanloe Bicycle Center,3.4,Bicycle Shop,"Railway Allä 88, 2720 Copenhagen, Denmark", +45 82 82 88 88,http://www.vanlosecykelcenter.dk/," MFRQ+J2 Copenhagen Municipality, Denmark",31.4802176,73.0923008,37.0,2720,"2720 Vanløse (København Municipality, Frederiksberg Municipality)",33170.0,16384.0,16786.0
Triathlonshop,4.7,Sporting Goods Store,"Library Road 53b, 1st Sal, 2650 Hvidovre, Denmark", +45 60 72 18 54,https://triathlonshop.dk/," JFRC+C7 Hvidovre, Denmark",31.4802176,73.0923008,21.0,2650,,,,
Loke bikes,3.5,Bicycle Shop,"Navybrogade 10, 2200 Copenhagen, Denmark", +45 24 88 00 03,http://www.lokecykler.dk/," MHQ6+2V Copenhagen, Denmark",31.4802176,73.0923008,12.0,2200,"2200 København N (København Municipality, Frederiksberg Municipality)",77258.0,36843.0,40415.0
Barholt bikes,4.2,Bicycle Shop,"Ã Sterbrogade 138, 2100 ã Sterbro, Denmark", +45 35 42 43 44,http://www.barholtcykler.dk/," PH4H+Q3 sterbro, Copenhagen, Denmark",31.4802176,73.0923008,92.0,2100,2100 København Ø (København Municipality),91554.0,44085.0,47469.0
Mr.V that Lo,4.6,Bicycle Shop,"Vesterbrogade 135, 1620 Copenhagen, Denmark",,http://www.hrvelo.dk/," MGCR+36 Copenhagen, Denmark",31.4802176,73.0923008,27.0,1620,1620 København V (København Municipality),3160.0,1597.0,1563.0
Chr.havn City Bikes,3.0,Bicycle Shop,"Torvegade 26, 1400 Copenhagen, Denmark", +45 32 95 90 99,http://www.cykelshop24.dk/chrhavn-city-cykler-koebenhavn-k.htm," MHFQ+6R Copenhagen, Denmark",31.4802176,73.0923008,30.0,1400,1400 København K (København Municipality),419.0,215.0,204.0
Cervna loshop,5.0,Bicycle Shop,"Istedgade 45, 1650 Copenhagen, Denmark", +45 36 89 38 00,http://www.cerveloshop.dk/," MH94+V5 Copenhagen, Denmark",31.4802176,73.0923008,1.0,1650,1650 København V (København Municipality),1506.0,746.0,760.0
Byman bikes,3.6,Bicycle Repair Shop,"Ã ster Farimagsgade 32, 2100 Copenhagen, Denmark", +45 35 42 51 56,https://www.byman-cykler.dk/," MHRG+MJ Copenhagen, Denmark",31.4802176,73.0923008,47.0,2100,2100 København Ø (København Municipality),91554.0,44085.0,47469.0
Cykeljagt.dk,4.8,Bicycle Shop,"Peter Bangs Road 112, 2000 Frederiksberg, Denmark", +45 38 79 15 44,," MGH2+FH Frederiksberg, Denmark",31.4802176,73.0923008,18.0,2000,"2000 Frederiksberg (København Municipality, Frederiksberg Municipality)",71280.0,33522.0,37758.0
The bicycle factory,4.4,Bicycle Shop,"Istedgade 92, 1650 Copenhagen, Denmark", +45 27 12 32 32,http://www.cykelfabrikken.dk/," MH93+J2 Copenhagen, Denmark",31.4802176,73.0923008,7.0,1650,1650 København V (København Municipality),1506.0,746.0,760.0
Leadout Cycling,4.3,Bicycle Shop,"Strandvejen 60, 2900 Hellerup, Denmark", +45 23 63 63 16,https://leadoutcycling.com/," PHGG+WR Hellerup, Denmark",31.4802176,73.0923008,170.0,2900,"2900 Hellerup (København Municipality, Gentofte Municipality)",24799.0,11687.0,13112.0
W.Cycles,2.2,Bicycle Shop,"Nordre Fasanvej 224, 2200 Copenhagen N, Denmark",,," MGXP+GH Copenhagen, Denmark",31.4802176,73.0923008,33.0,2200,"2200 København N (København Municipality, Frederiksberg Municipality)",77258.0,36843.0,40415.0
City Bike,4.7,Bicycle Shop,"Frederiksborggade 41, 1360 Copenhagen, Denmark", +45 28 46 68 71,," MHP8+69 Copenhagen, Denmark",31.4802176,73.0923008,27.0,1360,1360 København K (København Municipality),746.0,350.0,396.0
Frb Cykelringen,5.0,Bicycle Shop,"Falkoner All 96, 2000 Frederiksberg, Denmark", +45 23 82 94 00,http://frb-cykelringen.dk/," MGPQ+9R Frederiksberg, Denmark",31.4802176,73.0923008,89.0,2000,"2000 Frederiksberg (København Municipality, Frederiksberg Municipality)",71280.0,33522.0,37758.0
Egedal bikes,3.2,Bicycle Shop,"Godthe Bsvej 68, 2000 Frederiksberg, Denmark", +45 22 11 80 04,," MGQH+46 Frederiksberg, Denmark",55.6878437,12.4919605,54.0,2000,"2000 Frederiksberg (København Municipality, Frederiksberg Municipality)",71280.0,33522.0,37758.0
Expander bikes,4.7,Bicycle Shop,"Frederiksborgvej 84, 2400 Copenhagen, Denmark", +45 35 81 06 01,," PG5J+7W Copenhagen, Denmark",55.6972507,12.5040097,70.0,2400,2400 København NV (København Municipality),54410.0,27010.0,27400.0
Star Bike,5.0,Bicycle Shop,"Rantzausgade 4, 2200 Copenhagen N, Denmark", +45 30 30 30 13,https://starbike.dk/," MHP3+55 Copenhagen, Denmark",55.6972507,12.5040097,146.0,2200,"2200 København N (København Municipality, Frederiksberg Municipality)",77258.0,36843.0,40415.0
Hafnia bikes,4.2,Bicycle Repair Shop,"Stefansgade 51, 2200 Copenhagen, Denmark", +45 28 97 58 28,," MGVR+2C Copenhagen, Denmark",55.6925537,12.5050622,43.0,2200,"2200 København N (København Municipality, Frederiksberg Municipality)",77258.0,36843.0,40415.0
Stromer Speed ​​Pedelec Electric Bike Center,4.5,Electric Bicycle Store,"Old Køge Landevej 55, 2500 Copenhagen, Denmark", +45 41 37 21 00,https://velohouse.dk/collections/stromer," MG47+XM Copenhagen, Denmark",55.6574098,12.4781739,45.0,2500,2500 Valby (København Municipality),65522.0,32588.0,32934.0
City Bike Expert,2.5,Bicycle Shop,"Vesterbrogade 141, 1620 Copenhagen, Denmark", +45 33 31 76 67,," MGCQ+2X Copenhagen, Denmark",55.6700896,12.5038346,35.0,1620,1620 København V (København Municipality),3160.0,1597.0,1563.0
Tria bikes,4.6,Bicycle Shop,"Nordre Frihavnsgade 27, 2100 Copenhagen, Denmark", +45 35 42 25 90,https://www.triacyklershop.dk/," PH2J+H7 Copenhagen, Denmark",55.7014063,12.5445823,44.0,2100,2100 København Ø (København Municipality),91554.0,44085.0,47469.0
Al Zahraa Bicycles,3.2,Bicycle Repair Shop,"Navnorrebrogade 74, 2200 Copenhagen, Denmark", +45 35 35 33 44,," MHR3+H9 Copenhagen, Denmark",55.6914739,12.5173474,5.0,2200,"2200 København N (København Municipality, Frederiksberg Municipality)",77258.0,36843.0,40415.0
Velohouse - Riese & Mã¼ller Experience Store,4.5,Electric Bicycle Store,"Old Køge Landevej 57, 2500 Copenhagen, Denmark", +45 41 37 21 00,https://velohouse.dk/collections/riese-muller," MG47+VF Copenhagen, Denmark",55.6571329,12.4776886,45.0,2500,2500 Valby (København Municipality),65522.0,32588.0,32934.0
The bike shop,4.1,Bicycle Repair Shop,"Navnorrebrogade 222, 2200 Copenhagen, Denmark", +45 35 83 89 17,http://www.cykel-butikken.dk/," MGXR+X6 Copenhagen, Denmark",55.706136,12.496244,57.0,2200,"2200 København N (København Municipality, Frederiksberg Municipality)",77258.0,36843.0,40415.0
Copenhagen Bike Fit,4.6,Bicycle Shop,"Randersgade 35, 2100 Copenhagen, Denmark", +45 61 65 19 92,http://copenhagenbikefit.dk/," PH3J+R8 Copenhagen, Denmark",55.7046061,12.5447082,34.0,2100,2100 København Ø (København Municipality),91554.0,44085.0,47469.0
Ecycles,3.9,Bicycle Shop,"Islevbrovej 26, 2610 Rørødovre, Denmark", +45 32 20 70 08,https://ecykler.dk/," PC4W+3M Rdovre, Denmark",55.7051722,12.4106842,100.0,2610,"2610 Rødovre (København Municipality, Hvidovre Municipality, Rødovre Municipality)",45234.0,22230.0,23004.0
"Nettosport Bicycle Boy in High Quality.Plussize collection all the way up to size 7xl, and of course retro and Dannebrog to everyone.",4.8,Sportswear Store,"Nordre Frihavnsgade 17, 2100 ã Sterbro, Denmark", +45 28 43 73 50,http://www.nettosport.com/," PH2H+8R sterbro, Copenhagen, Denmark",55.7008213,12.54347,17.0,2100,2100 København Ø (København Municipality),91554.0,44085.0,47469.0
The Way to Bike,4.2,Bicycle Shop,"Rørømersgade 7, 1362 Copenhagen, Denmark", +45 93 80 64 42,http://www.thewaytobike.dk/," MHM9+83 Copenhagen, Denmark",55.6833082,12.5316603,5.0,1362,1362 København K (København Municipality),379.0,199.0,180.0
The bicycle,5.0,Bicycle Shop,"Tå Tåsingegade 38, 2100 Copenhagen, Denmark", +45 52 73 80 79,https://www.facebook.com/kaedespinderiet/," PH6C+32 Copenhagen, Denmark",55.7102178,12.5340545,25.0,2100,2100 København Ø (København Municipality),91554.0,44085.0,47469.0
The bicycle smith,4.8,Bicycle Shop,"Borups Allã © 135, 2000 Frederiksberg, Denmark", +45 38 11 34 28,http://www.cykelsmeden.com/," MGVH+RP Frederiksberg, Denmark",55.694568,12.4932783,78.0,2000,"2000 Frederiksberg (København Municipality, Frederiksberg Municipality)",71280.0,33522.0,37758.0
Bikeshop,4.5,Road Cycling,"Ã Sterbrogade 109, 2100 Copenhagen, Denmark", +45 46 75 20 10,https://www.bikeshop.dk/," PH6G+6W Copenhagen, Denmark",55.7105989,12.5412145,45.0,2100,2100 København Ø (København Municipality),91554.0,44085.0,47469.0
Bicycle shop,4.5,Bicycle Shop,"Valby Langgade 76, 2500 Copenhagen, Denmark", +48 531 242 689,," MG86+FW Copenhagen, Denmark",55.666129,12.4762176,45.0,2500,2500 Valby (København Municipality),65522.0,32588.0,32934.0
Gazelle,4.9,Cycling Park,"Gladsaxe Mömøllevej 19, 2860 Søsøborg, Denmark", +45 72 10 09 69,https://www.gazellebikes.com/da-dk," PFMG+J8 Sborg, Denmark",55.7340473,12.4397672,41.0,2860,"2860 Søborg (København Municipality, Gladsaxe Municipality)",44356.0,22097.0,22259.0
Copenhagen Cycles,4.5,Bicycle Shop,"Vasbygade 10, 2450 Copenhagen, Denmark", +45 31 34 19 80,http://copenhagencycles.com/," MH53+5P Copenhagen, Denmark",55.657979,12.5183186,45.0,2450,2450 København SV (København Municipality),39490.0,20034.0,19456.0
Køjeklar bicycles & Workshop,4.8,Bicycle Shop,"Railway all in 28, st.Th, 2720 Vanløen, Denmark", +45 50 22 42 42,," MFPR+8R Vanlse, Copenhagen, Denmark",55.6857707,12.3478264,173.0,2720,"2720 Vanløse (København Municipality, Frederiksberg Municipality)",33170.0,16384.0,16786.0
Ladcyklen.dk,4.4,Bicycle Shop,"Railway Allã © 19, 2720 Copenhagen, Denmark", +45 82 82 89 89,https://www.ladcyklen.dk/," MFPR+3Q Copenhagen, Denmark",55.6852341,12.3477668,74.0,2720,"2720 Vanløse (København Municipality, Frederiksberg Municipality)",33170.0,16384.0,16786.0
Cycling place,4.1,Bicycle Shop,"Søndr Blvd.78, 1720 Copenhagen, Denmark", +45 28 68 60 03,," MG8X+49 Copenhagen, Denmark",55.6800752,12.4236623,21.0,1720,1720 København V (København Municipality),1975.0,963.0,1012.0
Clean bike,4.5,Bicycle Repair Shop,"Ã rhusgade 153, 2150 Copenhagen, Denmark", +45 71 74 95 59,https://www.rencykel.dk/book-nordhavn," PH5W+43 Copenhagen, Denmark",55.6800752,12.4236623,85.0,2150,2150 Nordhavn (København Municipality),4006.0,2013.0,1993.0
Velohouse - House of E -Bikes,4.8,Electric Bicycle Store,"Old Køge Landevej 57, 2500 Copenhagen, Denmark", +45 41 37 21 00,https://velohouse.dk/," MG47+VF Copenhagen, Denmark",55.6800752,12.4236623,122.0,2500,2500 Valby (København Municipality),65522.0,32588.0,32934.0
Nihola bikes,4.2,Bicycle Shop,"Ingerslevsgade 100, 1705 Copenhagen, Denmark", +45 33 22 79 05,http://www.nihola.dk/," MH85+65 Copenhagen, Denmark",55.6670567,12.4102215,35.0,1705,1705 København V (København Municipality),933.0,468.0,465.0
Vesterbro City Cycles,4.4,Bicycle Shop,"Vesterbrogade 91 F, 1620 Copenhagen, Denmark", +45 42 31 41 77,," MGCW+QV Copenhagen, Denmark",55.6670567,12.4102215,43.0,1620,1620 København V (København Municipality),3160.0,1597.0,1563.0
Class's bikes,4.4,Bicycle Shop,"Classensgade 11, 2100 Copenhagen, Denmark", +45 35 26 55 44,http://www.classenscykler.dk/," MHWJ+PJ Copenhagen, Denmark",55.6670567,12.4102215,17.0,2100,2100 København Ø (København Municipality),91554.0,44085.0,47469.0
Luca's bikes,4.0,Bicycle Shop,"Fredensgade 15A, 2200 Copenhagen, Denmark", +45 23 32 39 83,http://www.lucascykler.dk/," MHV8+6R Copenhagen, Denmark",55.6670567,12.4102215,102.0,2200,"2200 København N (København Municipality, Frederiksberg Municipality)",77258.0,36843.0,40415.0
Forum cycles Værksted,3.8,Bicycle Shop,"Rosenörns Allã © 9, 1970 Frederiksberg C, Denmark", +45 27 11 97 55,https://forum-cykler.dk/," MHJ4+J3 Frederiksberg C, Frederiksberg, Denmark",55.6670567,12.4102215,31.0,1970,,,,
Le Tour bikes,4.1,Bicycle Shop,"Fæfælledvej 25, 2200 Copenhagen, Denmark", +45 35 39 33 12,http://letourcykler.dk/," MHR6+35 Copenhagen, Denmark",55.7137141,12.4330058,19.0,2200,"2200 København N (København Municipality, Frederiksberg Municipality)",77258.0,36843.0,40415.0
Triobike A/S.,4.0,Manufacturer,"Vesterbrogade 149 Building 12, 3rd Floor, 1620 Copenhagen, Denmark", +45 36 70 00 70,http://triobike.com/," MGCQ+28 Copenhagen, Denmark",55.6701128,12.3941067,60.0,1620,1620 København V (København Municipality),3160.0,1597.0,1563.0
Bicycle stop Frederiksberg,3.8,Bicycle Shop,"Borups Allã © 131, 2000 Frederiksberg, Denmark", +45 38 33 30 20,http://www.cykelstop.dk/," MGVJ+P4 Frederiksberg, Denmark",55.7196119,12.3983458,50.0,2000,"2000 Frederiksberg (København Municipality, Frederiksberg Municipality)",71280.0,33522.0,37758.0
Sarry City Cycles,3.6,Bicycle Shop,"SJERLØR BLVD.41, 2450 Copenhagen, Denmark", +45 28 45 98 42,http://vandefalk.dk/," JGXH+Q3 Copenhagen, Denmark",55.6494684,12.3834765,41.0,2450,2450 København SV (København Municipality),39490.0,20034.0,19456.0
Bryggens Bicycles - Your Bicycle Roads at Amager,3.2,Bicycle Shop,"Gunløggade 23-25, 2300 Copenhagen, Denmark", +45 32 96 14 11,," MH8H+4J Copenhagen, Denmark",55.6494684,12.3834765,15.0,2300,"2300 København S (København Municipality, Tårnby Municipality)",153680.0,75670.0,78010.0
Ă Sterbro bikes,3.8,Bicycle Shop,"Slagelsegade 2, 2100 Copenhagen, Denmark", +45 27 24 44 95,," MHXH+6J Copenhagen, Denmark",55.6959924,12.4067819,24.0,2100,2100 København Ø (København Municipality),91554.0,44085.0,47469.0
Bikeshop.dk,4.1,Bicycle Shop,"Ã rhusgade 97, 2100 Copenhagen, Denmark", +45 35 43 00 43,http://www.bikeshop.dk/," PH4P+RR Copenhagen, Denmark",55.6959924,12.4067819,29.0,2100,2100 København Ø (København Municipality),91554.0,44085.0,47469.0
Bicycle base/electric bike sale,4.4,Bicycle Shop,"Vigerslev Allã © 58, 2500 Valby, Denmark", +45 28 28 19 67,http://www.elcykelsalg.dk/," MG68+PH Valby, Copenhagen, Denmark",55.640406,12.3945635,115.0,2500,2500 Valby (København Municipality),65522.0,32588.0,32934.0
Refructure,3.7,Bicycle Rental Service,"Oslo Pl.9, 2100 Inner City, Denmark", +45 70 70 75 13,http://www.rentabike.dk/," MHRP+RH Indre By, Copenhagen, Denmark",55.6856149,12.4217768,60.0,2100,2100 København Ø (København Municipality),91554.0,44085.0,47469.0
REN BYKE APS,1.0,Road Cycling,"Speditøvej 9, 2450 Copenhagen SV, Denmark", +45 20 70 69 79,http://www.rencykel.dk/," JGPQ+WH Kbenhavn SV, Copenhagen, Denmark",55.6856149,12.4217768,1.0,2450,2450 København SV (København Municipality),39490.0,20034.0,19456.0
Star bike,2.9,Bicycle Shop,"Navnorrebrogade 190, 2200 Copenhagen, Denmark", +45 30 71 30 55,http://www.facebook.com/pages/Star-Cykel/412675198770009," MGXV+3J Copenhagen, Denmark",55.6856149,12.4217768,46.0,2200,"2200 København N (København Municipality, Frederiksberg Municipality)",77258.0,36843.0,40415.0
Business bikes,4.5,Road Cycling,"Railway Allã © 19, 2720 Copenhagen, Denmark", +45 82 82 89 89,," MFPR+3Q Copenhagen, Denmark",55.6852341,12.3477668,45.0,2720,"2720 Vanløse (København Municipality, Frederiksberg Municipality)",33170.0,16384.0,16786.0
Refshale rental,5.0,WATER SPORTS EQUIPMENT RENTAL SERVICE,"Refshalevej 320, 1432 Copenhagen, Denmark", +45 60 15 55 38,http://www.refshaleudlejning.dk/," MJV7+WF Copenhagen, Denmark",55.6948579,12.4694948,1.0,1432,1432 København K (København Municipality),2185.0,1114.0,1071.0
Frederiksberg Cyclist,4.8,Road Cycling,"Falkoner all 31, 2000 Frederiksberg, Denmark", +45 51 20 00 19,," MGMP+35 Frederiksberg, Denmark",55.6988532,12.3922723,47.0,2000,"2000 Frederiksberg (København Municipality, Frederiksberg Municipality)",71280.0,33522.0,37758.0
Gammelholm Bikes,4.1,Bicycle Shop,"Holbergsgade 12, 1057 Copenhagen, Denmark", +45 33 33 83 84,," MHHQ+4G Copenhagen, Denmark",55.6988532,12.3922723,21.0,1057,1057 København K (København Municipality),300.0,144.0,156.0
The bike chef,5.0,Restaurant,"Ahornsgade 12, St, 2200 Copenhagen N, Denmark", +45 20 67 97 04,http://www.cykelkokken.dk/," MHR5+RV Copenhagen, Denmark",55.6988532,12.3922723,9.0,2200,"2200 København N (København Municipality, Frederiksberg Municipality)",77258.0,36843.0,40415.0
Nordhavn Cykler,3.7,Bicycle Repair Shop,"Strandboulevarden 66, Nordre Frihavnsgade 90, 2100 Copenhagen Ă, Denmark", +45 26 66 77 75,http://www.oesterbrogade-shopping.dk/butik/nordhavn-cykler-3617.html," PH3Q+89 Copenhagen, Denmark",55.6988532,12.3922723,71.0,2100,2100 København Ø (København Municipality),91554.0,44085.0,47469.0
Free Bikeshop,4.3,Bicycle Shop,"Godthe Bsvej 248, 254, 2720 Vanløen, Denmark", +45 71 99 23 13,https://www.fribikeshop.dk/butikker/vanloese," MGV6+R7 Vanlse, Copenhagen, Denmark",55.6988532,12.3922723,85.0,2720,"2720 Vanløse (København Municipality, Frederiksberg Municipality)",33170.0,16384.0,16786.0
Copenhagen Bicycle Taxi,4.1,Tour Operator,"Rosenborggade 12, 1130 Copenhagen K, Denmark", +45 61 51 20 30,http://www.cykeltaxa.dk/," MHMF+FQ Copenhagen, Denmark",55.6988532,12.3922723,14.0,1130,1130 København K (København Municipality),115.0,59.0,56.0
Liisabike,4.5,Bicycle Shop,"Factory Area 91, 1440 Kã Benhavn K, Denmark", +45 42 36 12 12,http://liisabike.dk/," MJF2+FG Copenhagen, Denmark",55.6988532,12.3922723,45.0,1440,1440 København K (København Municipality),721.0,379.0,342.0
Recycle,4.5,Bicycle Shop,"KLTV, Tullinsgade 10, 1618 Copenhagen, Denmark", +45 31 38 42 58,http://www.recykel.dk/," MHF2+F7 Copenhagen, Denmark",55.6988532,12.3922723,45.0,1618,1618 København V (København Municipality),281.0,142.0,139.0
Kränss,4.8,Handicraft,"Blue Gå Korsgade 17A, 2200 Copenhagen, Denmark", +45 53 76 31 38,https://kraess.dk/," MHP5+PG Copenhagen, Denmark",55.6828609,12.4775576,44.0,2200,"2200 København N (København Municipality, Frederiksberg Municipality)",77258.0,36843.0,40415.0
Indian Bike Shop,4.7,Bicycle Shop,"Tagensvej 180, St, TV, 2200 Copenhagen N, Denmark", +45 27 21 48 06,https://www.proff.dk/firma/indian-bike-shop-vparamvir-singh/k%C3%B8benhavn-n/butikhandel/GXFUMZI10MC/," PG4V+8F Copenhagen, Denmark",55.6959924,12.4067819,41.0,2200,"2200 København N (København Municipality, Frederiksberg Municipality)",77258.0,36843.0,40415.0
Velobarista,4.7,Bicycle Shop,"Valdemarsgade 65, 1665 Copenhagen V, Denmark", +45 40 58 32 24,http://velobarista.dk/," MG8X+XP Copenhagen, Denmark",55.6959924,12.4067819,15.0,1665,1665 København V (København Municipality),1260.0,626.0,634.0
Rapha,4.7,Sportswear Store,"Kristen Bernikows Gade 7, 1105 Copenhagen K, Denmark", +45 33 33 03 34,https://www.rapha.cc/gb/en/clubhouses/copenhagen," MHJJ+2R Copenhagen, Denmark",55.6959924,12.4067819,123.0,1105,1105 København K (København Municipality),0.0,0.0,0.0
Sorico bikes,4.7,Bicycle Shop,"Toftegårds Allã © 16, 2500 Copenhagen, Denmark", +45 36 16 06 01,http://www.sorico-cykler.dk/," MG88+4J Copenhagen, Denmark",55.6959924,12.4067819,78.0,2500,2500 Valby (København Municipality),65522.0,32588.0,32934.0
BikeFitPro,5.0,Bicycle Shop,"America Pl.26b, st, 2100 Copenhagen, Denmark", +45 27 60 80 87,http://www.bikefitpro.dk/," MHXV+VP Copenhagen, Denmark",55.6959924,12.4067819,117.0,2100,2100 København Ø (København Municipality),91554.0,44085.0,47469.0
Enghave bikes,4.5,Bicycle Shop,"Enghavevej 63, 1674 Copenhagen V, Denmark", +45 71 32 16 83,," MG8V+68 Copenhagen, Denmark",55.6959924,12.4067819,56.0,1674,1674 København V (København Municipality),1251.0,589.0,662.0
Free Bikeshop,4.1,Bicycle Shop,"Gl.Kongevej 1, 1610 Copenhagen V, Denmark", +45 33 21 80 88,https://www.fribikeshop.dk/butikker/koebenhavn/urania," MHF6+Q2 Copenhagen, Denmark",55.6959924,12.4067819,115.0,1610,1610 København V (København Municipality),647.0,329.0,318.0
Omnium Navynørrebro,4.2,Bicycle Shop,"Navnorrebrogade 200, 2200 Copenhagen, Denmark", +45 30 20 44 84,https://omniumcargo.com/," MGXV+C5 Copenhagen, Denmark",55.6959924,12.4067819,30.0,2200,"2200 København N (København Municipality, Frederiksberg Municipality)",77258.0,36843.0,40415.0
Larry vs.Harry,4.5,Bicycle Shop,"Frederiksborggade 43, 1361 Inner City, Denmark", +45 31 36 17 19,http://www.larryvsharry.com/," MHP8+87 Indre By, Copenhagen, Denmark",55.6959924,12.4067819,52.0,1361,1361 København K (København Municipality),327.0,168.0,159.0
Chili bikes,4.8,Bicycle Shop,"Hunting Road 118, 2200 Copenhagen, Denmark", +45 26 80 06 25,," MHX3+GM Copenhagen, Denmark",55.6959924,12.4067819,11.0,2200,"2200 København N (København Municipality, Frederiksberg Municipality)",77258.0,36843.0,40415.0
Copenhagen Cycling Club,4.9,Bicycle Shop,"Råde Rådhusvej 3, 2920 Charlottenlund, Denmark", +45 31 19 59 48,https://copenhagencyclingclub.com/," QH3C+3W Charlottenlund, Denmark",55.7526993,12.4281019,62.0,2920,,,,
Butchers & Bicycles Ltd.,4.4,Bicycle Shop,"Flow Pork Square 18, 1711 Copenhagen, Denmark", +45 71 99 88 08,http://www.butchersandbicycles.com/," MH95+54 Copenhagen, Denmark",55.6948399,12.4050031,25.0,1711,,,,
Kalles bikes,4.2,Bicycle Shop,"Amagerbrogade 37, 2300 Copenhagen, Denmark", +45 60 43 84 82,," MJ72+Q8 Copenhagen, Denmark",55.6948399,12.4050031,55.0,2300,"2300 København S (København Municipality, Tårnby Municipality)",153680.0,75670.0,78010.0
29er Bike Shop,4.8,Bicycle Shop,"Ordrupvej 112, 2920 Charlottenlund, Denmark", +45 39 65 29 29,https://29erbikeshop.dk/," QH59+WR Charlottenlund, Denmark",55.7598142,12.4253498,59.0,2920,,,,
Staal Bikeshop,5.0,Bicycle Shop,"Dirch Passers Allã © 22, 2000 Frederiksberg, Denmark", +45 20 66 58 04,http://staalbikeshop.dk/," MGM3+JJ Frederiksberg, Denmark",55.6840738,12.3598323,171.0,2000,"2000 Frederiksberg (København Municipality, Frederiksberg Municipality)",71280.0,33522.0,37758.0
Saxil bikes,4.2,Bicycle Shop,"Vesterbrogade 166, 1800 Frederiksberg C, Denmark", +45 35 35 01 15,http://www.saxiloriginal.dk/," MGCQ+58 Frederiksberg C, Frederiksberg, Denmark",55.6840738,12.3598323,27.0,1800,,,,
Uptown Bikes,4.3,Bicycle Repair Shop,"Frederiksberg Allã © 32, 1820 Frederiksberg, Denmark", +45 52 42 06 08,https://www.dba.dk/saelger/uptown-bikes/dbaboost/a4400682-0878-4428-af3b-250942a7317a," MGFW+CC Frederiksberg, Denmark",55.6972507,12.395863,53.0,1820,,,,
Schrøder bikes,3.7,Bicycle Shop,"Amager Boul.4, 2300 Copenhagen, Denmark", +45 32 54 86 19,http://www.schroeder-cykler.dk/," MH9J+J8 Copenhagen, Denmark",55.6972507,12.395863,51.0,2300,"2300 København S (København Municipality, Tårnby Municipality)",153680.0,75670.0,78010.0
Go Bikeshop,5.0,Bicycle Shop,"Frederiksborgvej 114, 2400 Copenhagen NV, Denmark", +45 35 35 10 13,https://gobikeshop.dk/," PG6J+XW Copenhagen, Denmark",55.6972507,12.395863,17.0,2400,2400 København NV (København Municipality),54410.0,27010.0,27400.0
GRØDDAL CYCLES,3.9,Bicycle Shop,"Sallingvej 2, 2720 Copenhagen, Denmark", +45 38 34 34 03,http://xn--grndalcykler-wjb.dk/," MGV5+RP Copenhagen Municipality, Denmark",55.6972507,12.395863,40.0,2720,"2720 Vanløse (København Municipality, Frederiksberg Municipality)",33170.0,16384.0,16786.0
Sam bikes,3.6,Bicycle Shop,"Amagerbrogade 16, 2300 Copenhagen, Denmark", +45 60 47 14 71,," MH8X+Q3 Copenhagen, Denmark",55.6972507,12.395863,54.0,2300,"2300 København S (København Municipality, Tårnby Municipality)",153680.0,75670.0,78010.0
Coh & co,4.9,Bicycle Shop,"Telemarksgade 2, 2300 Copenhagen S, Denmark", +45 22 33 05 03,https://cohandco.com/," MJ52+Q7 Copenhagen, Denmark",55.6972507,12.395863,7.0,2300,"2300 København S (København Municipality, Tårnby Municipality)",153680.0,75670.0,78010.0
The bike shop,4.5,Bicycle Shop,"Hostrupsvej 3, 1950 Frederiksberg, Denmark", +45 35 39 39 38,http://www.cykel-butikken.dk/," MGJP+P5 Frederiksberg, Denmark",55.6972507,12.395863,53.0,1950,,,,
Marco bikes,4.6,Bicycle Shop,"Jagtvej 131, 2200 Copenhagen, Denmark", +45 93 80 90 12,," MHX3+52 Copenhagen, Denmark",55.6972507,12.395863,29.0,2200,"2200 København N (København Municipality, Frederiksberg Municipality)",77258.0,36843.0,40415.0
Royal Bike - Halmtorvets bikes,3.1,Bicycle Shop,"Helgolandsgade 21, 1653 Copenhagen, Denmark", +45 33 22 55 25,http://www.istedgadeshopping.dk/butik/halmtorvets-cykler-13372.html," MHC6+CQ Copenhagen, Denmark",55.6972507,12.395863,36.0,1653,1653 København V (København Municipality),247.0,127.0,120.0
Free Bikeshop,4.2,Bicycle Shop,"Griffenfeldsgade 37, 2200 Copenhagen N, Denmark", +45 35 37 15 71,https://www.fribikeshop.dk/butikker/koebenhavn/noerrebro," MHP3+G6 Copenhagen, Denmark",55.6745688,12.4182796,78.0,2200,"2200 København N (København Municipality, Frederiksberg Municipality)",77258.0,36843.0,40415.0
Fix bikes,3.7,Bicycle Shop,"Englandsvej 34, 2300 Amager West, Denmark", +45 31 86 33 86,," MJ43+6H Amager Vest, Copenhagen, Denmark",55.6907301,12.427619,55.0,2300,"2300 København S (København Municipality, Tårnby Municipality)",153680.0,75670.0,78010.0
Horton bikes,5.0,Bicycle Shop,"Gentoftegade 66, 2820 Gentofte, Denmark", +45 32 20 99 00,https://hortoncykler.dk/cykler/?utm_source=Organisk&utm_medium=bred&utm_campaign=GMB&utm_id=GMB," PGWR+96 Gentofte, Denmark",55.7459881,12.3963464,31.0,2820,,,,
Bicycle Innovation Lab,5.0,Association / Organization,"Prague Blvd., 2300 Copenhagen, Denmark", +45 50 13 33 04,https://bicycleinnovationlab.dk/," MJ86+RC Copenhagen, Denmark",55.6670474,12.4668729,4.0,2300,"2300 København S (København Municipality, Tårnby Municipality)",153680.0,75670.0,78010.0
Bike Copenhagen With Mike,4.7,Tour Operator,"Sankt Peders Strings 47, 1453 Copenhagen, Denmark", +45 26 39 56 88,http://www.bikecopenhagenwithmike.dk/," MHH8+FW Copenhagen, Denmark",55.6670474,12.4668729,140.0,1453,1453 København K (København Municipality),332.0,173.0,159.0
Specialized,4.5,Used Bicycle Shop,"Refshalevej 325, 1432 Copenhagen, Denmark",,," MJW5+5C Copenhagen, Denmark",55.6670474,12.4668729,45.0,1432,1432 København K (København Municipality),2185.0,1114.0,1071.0
Velo Pope,4.9,Bicycle Shop,"Rugmarken 9B, 3520 Farum, Denmark", +45 22 81 94 26,http://www.velopave.dk/," R98F+M8 Farum, Denmark",55.816633,12.2290954,44.0,3520,,,,
Loop Rentals - Cargo E -Bikes,4.8,Tour Operator,"Sindshvilevej 4, 2000 Copenhagen, Denmark", +45 61 10 88 08,https://loop-rentals.com/," MGPP+2X Copenhagen, Denmark",55.6850089,12.249093,110.0,2000,"2000 Frederiksberg (København Municipality, Frederiksberg Municipality)",71280.0,33522.0,37758.0
Tropical Bikes,4.9,Sightseeing Tour Agency,"Vester Voldgade 2, 1552 Copenhagen, Denmark", +45 50 65 62 10,https://tropicalbikes.dk/," MHH8+8F Copenhagen, Denmark",55.6850089,12.249093,614.0,1552,1552 København V (København Municipality),387.0,191.0,196.0
City Bike Adventures,4.5,Bicycle Rental Service,"Holbergsgade 12, 1057 Copenhagen, Denmark", +45 71 99 91 50,https://www.citybikeadventures.com/," MHHQ+6F Copenhagen, Denmark",55.6850089,12.249093,41.0,1057,1057 København K (København Municipality),300.0,144.0,156.0
Becopenhagen,4.9,Sightseeing Tour Agency,"Fortunestrade 1, 1065 Copenhagen, Denmark", +45 42 83 85 94,https://becopenhagen.dk/," MHHJ+6J Copenhagen, Denmark",55.6850089,12.249093,213.0,1065,1065 København K (København Municipality),25.0,15.0,10.0
Swapfiet's Copenhagen - Oslo Plads,4.2,Bicycle Rental Service,"Oslo Pl.20, 2100 Copenhagen ã, Denmark",,http://www.swapfiets.dk/," MHVP+87 Copenhagen, Denmark",55.6850089,12.249093,211.0,2100,2100 København Ø (København Municipality),91554.0,44085.0,47469.0
Hydrobiking ApS,4.9,Bicycle Rental Service,"Krudtløsvej 2A, 1439 Inner City, Denmark", +45 31 32 08 79,http://www.hydrobiking.dk/," MJM5+GM Indre By, Copenhagen, Denmark",55.6850089,12.249093,32.0,1439,1439 København K (København Municipality),159.0,77.0,82.0
City Bike Docking Station - Old Kongevej / Planetarium,5.0,Bike Sharing Station,"Gl.Kongevej 6, 1610 Copenhagen, Denmark", +45 89 88 39 10,http://bycyklen.dk/," MHF4+JP Copenhagen Municipality, Denmark",55.6850089,12.249093,2.0,1610,1610 København V (København Municipality),647.0,329.0,318.0
Swapfiet's Copenhagen - Nordre Fasanvej,4.0,Bicycle Rental Service,"Nordre Fasanvej 17, 2000 Frederiksberg, Denmark", +45 78 79 31 58,http://www.swapfiets.dk/," MGJC+FR Frederiksberg, Denmark",55.6850089,12.249093,84.0,2000,"2000 Frederiksberg (København Municipality, Frederiksberg Municipality)",71280.0,33522.0,37758.0
Egedal Bicycles - Vesterbro,4.6,Bicycle Shop,"Istedgade 114, 1650 Copenhagen, Denmark", +45 22 11 80 04,," MH92+FC Copenhagen, Denmark",55.6850089,12.249093,30.0,1650,1650 København V (København Municipality),1506.0,746.0,760.0
Copenhagen E-Bike Tours & Rentals,4.9,Tour Operator,"Langelinie Allã © 56, 2100 Copenhagen, Denmark", +45 31 23 89 00,http://www.copenhagenebiketours.com/," MJX2+84 Copenhagen, Denmark",55.6850089,12.249093,89.0,2100,2100 København Ø (København Municipality),91554.0,44085.0,47469.0
Clean a bike,3.2,Bicycle Rental Service,"Helgolandsgade 21, 15, 1650, 1653 Copenhagen, Denmark", +45 33 22 55 25,," MHC6+CQ Copenhagen, Denmark",55.6850089,12.249093,24.0,1650,1650 København V (København Municipality),1506.0,746.0,760.0
Baisikeli Rental Â City,4.0,Bicycle Rental Service,"Ingerslevsgade 100, 1705 Copenhagen, Denmark",,," MH85+64 Copenhagen, Denmark",55.6850089,12.249093,6.0,1705,1705 København V (København Municipality),933.0,468.0,465.0
City bike Docking Station - Skt.Hans Torv,5.0,Bike Sharing Station,"Blegdamsvej 1, 2200 Copenhagen, Denmark", +45 89 88 39 10,http://bycyklen.dk/," MHR6+GM Copenhagen, Denmark",55.6850089,12.249093,1.0,2200,"2200 København N (København Municipality, Frederiksberg Municipality)",77258.0,36843.0,40415.0
City Bike Docking Station - Borgergade,5.0,Bike Sharing Station,"Borgergade 1f, 1123 Copenhagen, Denmark", +45 89 88 39 10,https://bycyklen.dk/," MHJM+RF Copenhagen, Denmark",55.6850089,12.249093,3.0,1123,1123 København K (København Municipality),890.0,431.0,459.0
Segway Tours Copenhagen,4.9,Sightseeing Tour Agency,"Nikolaj Plads 34, 1067 Copenhagen, Denmark", +45 22 28 24 00,https://segwaytourscopenhagen.com/," MHHJ+7F Copenhagen, Denmark",55.6850089,12.249093,352.0,1067,1067 København K (København Municipality),107.0,58.0,49.0
City Bike Docking Station - Navy Nørreport Station Nord,5.0,Bike Sharing Station,"Ã ster Voldgade 2, 1350 Copenhagen, Denmark", +45 89 88 39 10,http://bycyklen.dk/," MHMF+VM Copenhagen, Denmark",55.6850089,12.249093,3.0,1350,1350 København K (København Municipality),316.0,132.0,184.0
Donkey Republic,5.0,Bike Sharing Station,"Halmtorvet III, 1703 Copenhagen, Denmark",,," MHC6+7R Copenhagen Municipality, Denmark",55.6850089,12.249093,2.0,1703,1703 København V (København Municipality),193.0,94.0,99.0
CBS BIKE RENTAL,1.0,Bicycle Rental Service,"Hunting Road 68, St, 2200 Copenhagen, Denmark", +45 35 34 33 45,," MHW2+99 Copenhagen, Denmark",55.6850089,12.249093,1.0,2200,"2200 København N (København Municipality, Frederiksberg Municipality)",77258.0,36843.0,40415.0
City Bike Docking Station - Amagerbrogade/Elbagade,3.7,Bike Sharing Station,"Elbagade 1, 2300 Copenhagen, Denmark", +45 89 88 39 10,http://bycyklen.dk/," MJ36+8H Copenhagen, Denmark",55.6850089,12.249093,9.0,2300,"2300 København S (København Municipality, Tårnby Municipality)",153680.0,75670.0,78010.0
City Bike Docking Station - Amager Strand Metro Station,5.0,Bike Sharing Station,"Roselillevej 36, 2300 Copenhagen, Denmark", +45 89 88 39 10,https://bycyklen.dk/," MJ4J+FM Copenhagen, Denmark",55.6850089,12.249093,1.0,2300,"2300 København S (København Municipality, Tårnby Municipality)",153680.0,75670.0,78010.0
The city bike,4.5,Bike Sharing Station,"Wine -daing rde 2, 1070 Copenhagen, Denmark", +45 89 88 39 10,https://bycyklen.dk/," MHHP+H2 Copenhagen, Denmark",55.6850089,12.249093,2.0,1070,1070 København K (København Municipality),61.0,33.0,28.0
City bike Docking Station - Halmtorvet,2.0,Bike Sharing Station,"Staldgade 8A, 1699 Copenhagen, Denmark", +45 89 88 39 10,http://bycyklen.dk/," MH96+W2 Copenhagen Municipality, Denmark",55.6850089,12.249093,1.0,1699,,,,
City bike Docking Station,3.0,Bike Sharing Station,"H. C. Andersen's Blvd., 1553 Copenhagen, Denmark",,http://bycyklen.dk/," MHFC+CQ Copenhagen, Denmark",55.6850089,12.249093,1.0,1553,1553 København V (København Municipality),418.0,210.0,208.0
City bike Docking Station - Lergravsparken Metro Station,4.0,Bike Sharing Station,"Lergravsvej 11, 2300 Copenhagen, Denmark", +45 89 88 39 10,https://bycyklen.dk/," MJ68+WH Copenhagen, Denmark",55.6850089,12.249093,2.0,2300,"2300 København S (København Municipality, Tårnby Municipality)",153680.0,75670.0,78010.0
City Bike Docking Station - Navy Nørreport Station Mid,4.0,Bike Sharing Station,"Navy Voldgade 56, 1358 Copenhagen, Denmark", +45 89 88 39 10,https://bycyklen.dk/," MHMC+26 Copenhagen, Denmark",55.6850089,12.249093,2.0,1358,1358 København K (København Municipality),393.0,199.0,194.0
City Bike Docking Station - Copenhagen Central Railway Rail,3.0,Bike Sharing Station,"Bernstorffsgade 14, 1577 Copenhagen, Denmark", +45 89 88 39 10,https://bycyklen.dk/," MHF8+96 Copenhagen, Denmark",55.6850089,12.249093,2.0,1577,1577 København V (København Municipality),665.0,416.0,249.0
City bike Docking Station - Vesterbro's Torv,4.5,Bike Sharing Station,"Gasværksvej 1, 1656 Copenhagen, Denmark", +45 89 88 39 10,https://bycyklen.dk/," MHC4+V6 Copenhagen, Denmark",55.6850089,12.249093,45.0,1656,1656 København V (København Municipality),708.0,344.0,364.0
Kongens Nytorv By -Bike Station,3.0,Bike Sharing Station,"Kongens Nytorv 13, 1050 Copenhagen, Denmark",,," MHHM+MW Copenhagen, Denmark",55.6850089,12.249093,1.0,1050,1050 København K (København Municipality),20.0,10.0,10.0
Ecycle helmet,3.7,Bicycle Shop,"Husby Alle 19, 2630 Taastrup, Denmark", +45 61 10 93 93,http://ecykelhjelm.dk/," M75V+WJ Taastrup, Denmark",55.659836,12.1498354,9.0,2630,,,,
Lion bikes,4.4,Bicycle Shop,"Frederikssundsvej 68, 2400 Copenhagen, Denmark", +45 26 63 02 66,http://www.noerrebro-shopping.dk/butik/lion-cykler-6857.html," PG3G+QW Copenhagen, Denmark",55.6926563,12.4074389,78.0,2400,2400 København NV (København Municipality),54410.0,27010.0,27400.0
Thansen Copenhagen S.,3.3,Home Goods Store,"Rundholtsvej 4, 2300 Copenhagen, Denmark", +45 31 31 31 31,https://www.thansen.dk/butikker/koebenhavns?utm_source=google&utm_medium=organic&utm_campaign=local_search&utm_id=koebenhavns," MH38+FV Copenhagen, Denmark",55.6926563,12.4074389,180.0,2300,"2300 København S (København Municipality, Tårnby Municipality)",153680.0,75670.0,78010.0
"Max's Bike (Repair, Rent, Buy)",2.9,Bicycle Shop,"Navy Farimagsgade 40, 1364 Copenhagen, Denmark", +45 91 41 15 52,http://www.maxbike.dk/," MHM8+7J Copenhagen, Denmark",55.7081739,12.3881138,36.0,1364,1364 København K (København Municipality),984.0,480.0,504.0
Ml bikes (bicycle rankings and - trade),4.8,Bicycle Shop,"Old Jernbanevej 28, 2500 Copenhagen, Denmark", +45 50 56 54 57,," MG79+RG Copenhagen, Denmark",55.7081739,12.3881138,72.0,2500,2500 Valby (København Municipality),65522.0,32588.0,32934.0
Klichã © Bryggens Cycling & Værksted,5.0,Bicycle Shop,"Islands Brygge 79 B, 2300 Copenhagen, Denmark", +45 29 90 36 00,," MH58+3X Copenhagen, Denmark",55.7081739,12.3881138,8.0,2300,"2300 København S (København Municipality, Tårnby Municipality)",153680.0,75670.0,78010.0
Elias Bikes,5.0,Bicycle Shop,"Isafjordsgade 5, 2300 Copenhagen, Denmark", +45 42 42 94 73,," MH8H+7G Copenhagen, Denmark",55.7081739,12.3881138,36.0,2300,"2300 København S (København Municipality, Tårnby Municipality)",153680.0,75670.0,78010.0
Ralson Nordic & Cykeletrksted,4.7,Bicycle Shop,"Prinsessegade 61, 1422 Copenhagen K, Denmark", +45 52 71 72 92,https://www.ralsoncykler.dk/," MHFX+WG Copenhagen, Denmark",55.7081739,12.3881138,3.0,1422,1422 København K (København Municipality),852.0,404.0,448.0
Bicycle hunting,3.7,Bicycle Shop,"Hunting Road 25, 2200 Copenhagen, Denmark", +45 35 83 24 46,https://cykeljagt.dk/," MGRV+7Q Copenhagen, Denmark",55.7081739,12.3881138,3.0,2200,"2200 København N (København Municipality, Frederiksberg Municipality)",77258.0,36843.0,40415.0
Lindebjerg,4.7,Bicycle Shop,"Gladsaxevej 341, 2860 Søsøbborg, Denmark", +45 63 15 00 00,https://lindebjerg.dk/?utm_source=google&utm_medium=gmb&utm_campaign=vallensbaek," PFPP+QG Sborg, Denmark",55.7369046,12.1979272,18.0,2860,"2860 Søborg (København Municipality, Gladsaxe Municipality)",44356.0,22097.0,22259.0
E-Bike Union,5.0,Bicycle Shop,"Poppelstykke 14, 16, 2450 Copenhagen SV, Denmark", +45 50 16 91 89,https://e-bikeunion.dk/," MG26+RM Copenhagen, Denmark",55.6177404,12.2837869,2.0,2450,2450 København SV (København Municipality),39490.0,20034.0,19456.0
Velorbi's test center,4.0,Showroom,"Holbergsgade 12, 1057 Copenhagen K, Denmark", +45 31 11 00 30,https://velorbis.dk/," MHHQ+5F Copenhagen, Denmark",55.7119439,12.2841755,10.0,1057,1057 København K (København Municipality),300.0,144.0,156.0
Thansen Ă Sterbro,3.8,Home Goods Store,"Ã Sterbrogade 125, ST, 2100 Copenhagen, Denmark", +45 31 31 31 31,https://www.thansen.dk/butikker/oesterbro?utm_source=google&utm_medium=organic&utm_campaign=local_search&utm_id=oesterbro," PH6G+RW Copenhagen, Denmark",55.7119439,12.2841755,225.0,2100,2100 København Ø (København Municipality),91554.0,44085.0,47469.0
Saturn bikes,4.3,Bicycle Shop,"Finsensvej 43 B, 2000 Frederiksberg, Denmark", +45 28 87 83 11,," MGJ6+P2 Frederiksberg, Denmark",55.7119439,12.2841755,41.0,2000,"2000 Frederiksberg (København Municipality, Frederiksberg Municipality)",71280.0,33522.0,37758.0
Mate.Bike Hq,2.4,Manufacturer,"Gray Breeding Square, 1154 Copenhagen, Denmark",,https://mate.bike/," MHHG+VC Copenhagen, Denmark",55.7119439,12.2841755,84.0,1154,1154 København K (København Municipality),121.0,62.0,59.0
Speed ​​Pedelec electric bikes,4.5,Electric Bicycle Store,"Old Køge Landevej 57, 2500 Valby, Denmark", +45 41 37 21 00,https://velohouse.dk/collections/speed-pedelec-45-km-t," MG47+VF Valby, Copenhagen, Denmark",55.7119439,12.2841755,45.0,2500,2500 Valby (København Municipality),65522.0,32588.0,32934.0
Jooll,4.3,Bicycle Shop,"Kattegatvej 39, 2150 Copenhagen, Denmark",,https://jooll.bike/," PJC5+G7 Copenhagen, Denmark",55.7119439,12.2841755,45.0,2150,2150 Nordhavn (København Municipality),4006.0,2013.0,1993.0
Free Bike Shop Rødovre,4.2,Bicycle Shop,"Roskildevej 254, 258, 2610 RØRØDOVRE, Denmark", +45 43 42 23 13,https://www.fribikeshop.dk/butikker/roedovre/roskildevej," MFFC+4Q Rdovre, Denmark",55.7119439,12.2841755,83.0,2610,"2610 Rødovre (København Municipality, Hvidovre Municipality, Rødovre Municipality)",45234.0,22230.0,23004.0
Greenrider.dk - get EL on your bike,5.0,Bicycle Shop,"Jyllingevej 42, 2720 Copenhagen, Denmark", +45 93 60 47 57,https://www.greenrider.dk/," MFRP+X6 Copenhagen, Denmark",55.7119439,12.2841755,1.0,2720,"2720 Vanløse (København Municipality, Frederiksberg Municipality)",33170.0,16384.0,16786.0
Jupiter extra,3.9,Bicycle Shop,"Amagerbrogade 197, 2300 Copenhagen, Denmark", +45 32 55 73 53,http://jupiter-ekstra.dk/," MJ27+53 Copenhagen, Denmark",55.7119439,12.2841755,50.0,2300,"2300 København S (København Municipality, Tårnby Municipality)",153680.0,75670.0,78010.0
Elvira electric bikes,3.8,Electric Bicycle Store,"Hvidovrevej 90, 2610 Rørødovre, Denmark", +45 36 70 54 44,http://www.elviraelcykler.dk/," MF7F+XF Rdovre, Denmark",55.7119439,12.2841755,68.0,2610,"2610 Rødovre (København Municipality, Hvidovre Municipality, Rødovre Municipality)",45234.0,22230.0,23004.0
Falck bikes,4.0,Bicycle Shop,"Gl.Kongevej 87, 1850 Frederiksberg, Denmark", +45 33 25 24 85,https://www.facebook.com/falckcykler.frb/," MGFX+RM Frederiksberg Municipality, Denmark",55.7119439,12.2841755,21.0,1850,,,,
Copenhagen Bike Factory,3.0,Bicycle Shop,"Brobergsgade 4, 1427 Copenhagen K, Denmark", +45 71 96 12 14,https://copenhagenbikefactory.dk/," MHGW+4H Copenhagen, Denmark",55.7119439,12.2841755,2.0,1427,1427 København K (København Municipality),218.0,111.0,107.0
Babylon bikes,2.5,Bicycle Shop,"Navnorrebrogade 108, 2200 Copenhagen, Denmark", +45 35 34 19 54,," MHV2+86 Copenhagen, Denmark",55.6933405,12.4785094,33.0,2200,"2200 København N (København Municipality, Frederiksberg Municipality)",77258.0,36843.0,40415.0
City's best used bikes,4.5,Used Bicycle Shop,"Frederiks Brygge, 2450 Copenhagen, Denmark",,," MG4X+FM Copenhagen, Denmark",55.6561339,12.4770565,45.0,2450,2450 København SV (København Municipality),39490.0,20034.0,19456.0
Citi Bike NYC,4.5,No Category,"Refshalevej 325, 1432 Copenhagen, Denmark",,https://citibikenyc.com/," MJW5+5C Copenhagen, Denmark",55.6954936,12.5364363,45.0,1432,1432 København K (København Municipality),2185.0,1114.0,1071.0
