name,rating,reviews,category,address,phone,website,plus_code,latitude,longitude
Kræss,"4.8
(44)",(44),Handicraft,"Blågårdsgade 17A, 2200 København, Denmark","
+45 53 76 31 38",https://kraess.dk/,"
MHP5+PG Copenhagen, Denmark",55.6828609,12.4775576
CPH Bike Shop,"4.4
(154)",(44),Bicycle Shop,"Holmbladsgade 38, 2300 København S, Denmark","
+45 32 96 34 28",https://www.cphbikeshop.dk/,"
MJ74+XF Copenhagen, Denmark",55.6828609,12.4775576
Copenhagen Bikeshop,"4.5
(46)",(44),Bicycle Shop,"Jagtvej 68, 2200 København, Denmark","
+45 81 74 16 96",http://www.copenhagenbikeshop.dk/,"
MHW2+99 Copenhagen, Denmark",55.6959924,12.4067819
Adam Cykler,"4.8
(45)",(44),Bicycle Shop,"Vesterbrogade 92, 1620 København, Denmark","
+45 61 66 63 98",http://www.vesterbrogade-shopping.dk/butik/adam-cykler-5047.html,"
MGCX+W9 Copenhagen, Denmark",55.6959924,12.4067819
Islands Brygge Cykler,"4.4
(82)",(44),Bicycle Shop,"Islands Brygge 15, 2300 København, Denmark","
+45 32 20 20 57",https://www.facebook.com/Islandsbryggecykler/,"
MH9H+37 Copenhagen, Denmark",55.6959924,12.4067819
Kgs Have Cykler,"4.9
(166)",(44),Bicycle Shop,"Sølvgade 26, 1307 København, Denmark","
+45 26 44 30 30",https://www.kgshavecykler.dk/,"
MHPJ+MQ Copenhagen, Denmark",55.6959924,12.4067819
Indian Bike Shop,"4.7
(41)",(44),Bicycle Shop,"Tagensvej 180, ST,TV, 2200 KØBENHAVN N, Denmark","
+45 27 21 48 06",https://www.proff.dk/firma/indian-bike-shop-vparamvir-singh/k%C3%B8benhavn-n/butikhandel/GXFUMZI10MC/,"
PG4V+8F Copenhagen, Denmark",55.6959924,12.4067819
Buddha Bikes,"4.7
(298)",(44),Bicycle Shop,"Emblasgade 175, 2100 København, Denmark",No Phone,http://www.buddhabikes.dk/,"
PH53+3H Copenhagen, Denmark",55.6959924,12.4067819
Cykel Chefen,"4.7
(151)",(44),Bicycle repair shop,"Nørre Søgade 41, 1370 København, Denmark","
+45 71 45 50 73",No Website,"
MHJ6+RJ Copenhagen, Denmark",55.6959924,12.4067819
VELOHOUSE - House of E-bikes,"4.8
(122)",(44),Electric bicycle store,"Gammel Køge Landevej 57, 2500 København, Denmark","
+45 41 37 21 00",https://velohouse.dk/,"
MG47+VF Copenhagen, Denmark",55.6959924,12.4067819
City Bike,"4.7
(27)",(44),Bicycle Shop,"Frederiksborggade 41, 1360 København, Denmark","
+45 28 46 68 71",No Website,"
MHP8+69 Copenhagen, Denmark",55.6959924,12.4067819
Sali's Bike,"4.8
(302)",(44),Bicycle Shop,"H. P. Ørums Gade 1, 2100 København, Denmark","
+45 71 52 95 32",https://www.salisbike.dk/,"
PH56+X2 Copenhagen, Denmark",55.6959924,12.4067819
Dennis & Lottes Cykler,"4.9
(127)",(44),Bicycle repair shop,"Nørre Voldgade 22, st, th, 1358 København, Denmark","
+45 71 74 71 30",http://www.delocy.dk/,"
MHJ9+24 Copenhagen, Denmark",55.6959924,12.4067819
A H Cycles,"4.4
(104)",(44),Bicycle Shop,"Istedgade 39, 1650 København, Denmark","
+45 36 89 38 00",http://www.ahcykler.dk/,"
MH94+XF Copenhagen, Denmark",55.6959924,12.4067819
Svanemøllens Cykler,"5.0
(264)",(44),Bicycle Shop,"Østerbrogade 165, 2100 København, Denmark","
+45 39 20 42 90",http://svanemoellenscykler.dk/,"
PH8G+4V Copenhagen, Denmark",55.6959924,12.4067819
Recycles,"4.8
(66)",(44),Bicycle Shop,"Dybbølsgade 59, 1750 København, Denmark","
+45 31 33 90 28",http://recycles.dk/,"
MG8X+PC Copenhagen Municipality, Denmark",55.6959924,12.4067819
Star Bike,"5.0
(146)",(44),Bicycle Shop,"Rantzausgade 4, 2200 København N, Denmark","
+45 30 30 30 13",https://starbike.dk/,"
MHP3+55 Copenhagen, Denmark",55.6959924,12.4067819
P. H. Cycles,"5.0
(79)",(44),Bicycle Shop,"Blegdamsvej 130, 2100 København, Denmark","
+45 35 42 33 11",https://www.facebook.com/pages/PH-Cykler/131757240368969,"
MHXG+CC Copenhagen, Denmark",55.6959924,12.4067819
Velobarista,"4.7
(15)",(44),Bicycle Shop,"Valdemarsgade 65, 1665 København V, Denmark","
+45 40 58 32 24",http://velobarista.dk/,"
MG8X+XP Copenhagen, Denmark",55.6959924,12.4067819
Luca's Cykler,"4.0
(102)",(44),Bicycle Shop,"Fredensgade 15A, 2200 København, Denmark","
+45 23 32 39 83",http://www.lucascykler.dk/,"
MHV8+6R Copenhagen, Denmark",55.6959924,12.4067819
CPH Bike Express,"4.7
(154)",(44),Bicycle Shop,"Borgbjergsvej 39, 2450 København, Denmark","
+45 32 12 54 77",No Website,"
MG2P+4F Copenhagen, Denmark",55.6959924,12.4067819
cykelexspres klassisk &EL,"4.1
(136)",(44),Bicycle Shop,"Nørrebrogade 46, 2200 København N, Denmark","
+45 35 35 81 82",https://cykelexpres.dk/vare-kategori/herrecykler/,"
MHQ4+QM Copenhagen, Denmark",55.6959924,12.4067819
Noa cykler,"3.9
(77)",(44),Bicycle Shop,"Nordre Frihavnsgade 56, 2100 København, Denmark","
+45 50 69 76 75",http://www.noacykler.dk/,"
PH2M+W7 Copenhagen, Denmark",55.6959924,12.4067819
Copenhagen Bike Fit,"4.6
(34)",(44),Bicycle Shop,"Randersgade 35, 2100 København, Denmark","
+45 61 65 19 92",http://copenhagenbikefit.dk/,"
PH3J+R8 Copenhagen, Denmark",55.6959924,12.4067819
Vesterbro City Cykler,"4.4
(43)",(44),Bicycle Shop,"Vesterbrogade 91F, 1620 København, Denmark","
+45 42 31 41 77",No Website,"
MGCW+QV Copenhagen, Denmark",55.6959924,12.4067819
Isak Cykelservice,"4.8
(96)",(44),Bicycle Shop,"Jagtvej 195, 2100 København, Denmark","
+45 27 82 23 82",No Website,"
PH59+5X Copenhagen, Denmark",55.6959924,12.4067819
Rapha,"4.7
(123)",(44),Sportswear store,"Kristen Bernikows Gade 7, 1105 København K, Denmark","
+45 33 33 03 34",https://www.rapha.cc/gb/en/clubhouses/copenhagen,"
MHJJ+2R Copenhagen, Denmark",55.6959924,12.4067819
Sorico Cykler,"4.7
(78)",(44),Bicycle Shop,"Toftegårds Allé 16, 2500 København, Denmark","
+45 36 16 06 01",http://www.sorico-cykler.dk/,"
MG88+4J Copenhagen, Denmark",55.6959924,12.4067819
BIKEFITPRO,"5.0
(117)",(44),Bicycle Shop,"Amerika Pl. 26B, St, 2100 København, Denmark","
+45 27 60 80 87",http://www.bikefitpro.dk/,"
MHXV+VP Copenhagen, Denmark",55.6959924,12.4067819
Leadout Cycling,"4.3
(170)",(44),Bicycle Shop,"Strandvejen 60, 2900 Hellerup, Denmark","
+45 23 63 63 16",https://leadoutcycling.com/,"
PHGG+WR Hellerup, Denmark",55.6959924,12.4067819
Blegdams Cykler,"4.6
(37)",(44),Bicycle Shop,"Blegdamsvej 40, 2100 København, Denmark","
+45 32 13 81 82",http://www.blegdamscykler.dk/,"
MHV8+79 Copenhagen, Denmark",55.6959924,12.4067819
The Way to Bike,"4.2
(5)",(44),Bicycle Shop,"Rømersgade 7, 1362 København, Denmark","
+45 93 80 64 42",http://www.thewaytobike.dk/,"
MHM9+83 Copenhagen, Denmark",55.6959924,12.4067819
Christiania Bikes,"4.3
(48)",(44),Bicycle Shop,"Fabriksområdet 91, 1440 København K, Denmark","
+45 70 70 76 80",https://christianiacykler.dk/,"
MJF2+FF Copenhagen, Denmark",55.6959924,12.4067819
Enghave Cykler,"4.5
(56)",(44),Bicycle Shop,"Enghavevej 63, 1674 København V, Denmark","
+45 71 32 16 83",No Website,"
MG8V+68 Copenhagen, Denmark",55.6959924,12.4067819
Vélo 94,"4.3
(92)",(44),Bicycle Shop,"Nørrebrogade 94, 2200 København N, Denmark","
+45 24 88 00 01",https://velo94.dk/,"
MHV2+3M Copenhagen, Denmark",55.6959924,12.4067819
Rosenborg Cykler,"4.5
(131)",(44),Bicycle repair shop,"Rosenborggade 3, 1130 København, Denmark","
+45 20 44 55 57",http://www.rosenborgcykler.dk/,"
MHMF+8G Copenhagen, Denmark",55.6959924,12.4067819
Søgade Cykler,"4.9
(64)",(44),Bicycle Shop,"Sølvgade 104, 1307 København K, Denmark","
+45 33 15 97 46",http://xn--sgadecykler-ggb.dk/,"
MHRC+7P Copenhagen, Denmark",55.6959924,12.4067819
Norreport Bikes,"3.8
(86)",(44),Bicycle Shop,"Nørre Voldgade 11, 1358 København, Denmark","
+45 50 82 00 04",https://norreportbikes.dk/,"
MHMC+78 Copenhagen, Denmark",55.6959924,12.4067819
Bikeshop.dk,"4.1
(29)",(44),Bicycle Shop,"Århusgade 97, 2100 København, Denmark","
+45 35 43 00 43",http://www.bikeshop.dk/,"
PH4P+RR Copenhagen, Denmark",55.6959924,12.4067819
Marry cykler,"5.0
(176)",(154),Bicycle rental service,"Frederiksborgvej 50c, 2400 København, Denmark","
+45 31 13 11 65",https://www.rentbike.nu/,"
PG4J+FW Copenhagen, Denmark",55.6959924,12.4067819
Fri BikeShop,"4.1
(115)",(154),Bicycle Shop,"Gl. Kongevej 1, 1610 København V, Denmark","
+45 33 21 80 88",https://www.fribikeshop.dk/butikker/koebenhavn/urania,"
MHF6+Q2 Copenhagen, Denmark",55.6959924,12.4067819
Cykel Mesteren,"4.8
(709)",(154),Bicycle Shop,"Borgergade 26, 1300 Indre By, Denmark","
+45 44 94 00 44",No Website,"
MHMP+WG Indre By, Copenhagen, Denmark",55.6959924,12.4067819
OMNIUM Nørrebro,"4.2
(30)",(154),Bicycle Shop,"Nørrebrogade 200, 2200 København, Denmark","
+45 30 20 44 84",https://omniumcargo.com/,"
MGXV+C5 Copenhagen, Denmark",55.6959924,12.4067819
Cykelfabrikken,"4.4
(7)",(154),Bicycle Shop,"Istedgade 92, 1650 København, Denmark","
+45 27 12 32 32",http://www.cykelfabrikken.dk/,"
MH93+J2 Copenhagen, Denmark",55.6959924,12.4067819
"Niko Cycles - Rentals, Sales, & Service","4.1
(50)",(154),Bicycle Shop,"Krusågade 2, 1719 København, Denmark","
+45 71 43 26 07",No Website,"
MH83+RQ Copenhagen, Denmark",55.6959924,12.4067819
Larry vs. Harry,"4.5
(52)",(154),Bicycle Shop,"Frederiksborggade 43, 1361 Indre By, Denmark","
+45 31 36 17 19",http://www.larryvsharry.com/,"
MHP8+87 Indre By, Copenhagen, Denmark",55.6959924,12.4067819
Pedalatleten - Elcykel testcenter,"3.7
(262)",(154),Electric bicycle store,"Oslo Pl. 9, 2100 København, Denmark","
+45 70 70 75 13",http://www.pedalatleten.dk/,"
MHRP+VH Copenhagen, Denmark",55.6959924,12.4067819
Lindhart Cykler,"4.9
(47)",(154),Bicycle Shop,"Rømersgade 7, 1362 København, Denmark","
+45 40 70 83 57",https://www.facebook.com/lindhartcykler,"
MHM9+83 Copenhagen, Denmark",55.6959924,12.4067819
Chili Bikes,"4.8
(11)",(154),Bicycle Shop,"Jagtvej 118, 2200 København, Denmark","
+45 26 80 06 25",No Website,"
MHX3+GM Copenhagen, Denmark",55.6959924,12.4067819
Cykelexperten.dk,"4.1
(587)",(154),Bicycle Shop,"Slotsherrensvej 103, 2720 København, Denmark","
+45 72 30 18 17",https://cykelexperten.dk/,"
MFXF+5W Copenhagen, Denmark",55.6979846,12.3305582
Stjerner Cykelværksted,"4.8
(106)",(154),Bicycle Shop,"Åboulevard 9D, 1635 København, Denmark","
+45 22 99 29 46",No Website,"
MHM4+69 Copenhagen, Denmark",55.6830446,12.4117361
Vesterbro Bicycles by Jens Bernhard Nielsen,"4.2
(56)",(154),Bicycle repair shop,"Saxogade 111, 1662 København, Denmark","
+45 33 22 66 42",https://www.vesterbrocykler.dk/,"
MH82+JM Copenhagen, Denmark",55.6830446,12.4117361
Jagtvej Cykler 101,"4.8
(275)",(154),Bicycle Shop,"Jagtvej 101, 2200 København N, Denmark","
+45 30 64 25 64",No Website,"
MHW2+84 Copenhagen, Denmark",55.6830446,12.4117361
Copenhagen Cycling Club,"4.9
(62)",(154),Bicycle Shop,"Rådhusvej 3, 2920 Charlottenlund, Denmark","
+45 31 19 59 48",https://copenhagencyclingclub.com/,"
QH3C+3W Charlottenlund, Denmark",55.7526993,12.4281019
Retro Cykler,"4.8
(102)",(154),Bicycle Shop,"Jagtvej 79, 2200 København, Denmark","
+45 60 15 94 44",No Website,"
MGVX+WM Copenhagen, Denmark",55.6948399,12.4050031
Fix & Færdig Bike,"4.7
(207)",(154),Bicycle repair shop,"Amagerbrogade 59, 2300 København, Denmark","
+45 93 97 56 58",https://fixogfaerdigbike.dk/,"
MJ63+R8 Copenhagen, Denmark",55.6948399,12.4050031
BikeLab CPH,"5.0
(26)",(154),Bicycle Shop,"Vesterbrogade 54, 1620 København, Denmark","
+45 61 62 25 66",https://www.bikelabcph.dk/,"
MHF3+3H Copenhagen, Denmark",55.6948399,12.4050031
Butchers & Bicycles Ltd.,"4.4
(25)",(154),Bicycle Shop,"Flæsketorvet 18, 1711 København, Denmark","
+45 71 99 88 08",http://www.butchersandbicycles.com/,"
MH95+54 Copenhagen, Denmark",55.6948399,12.4050031
Kalles Cykler,"4.2
(55)",(154),Bicycle Shop,"Amagerbrogade 37, 2300 København, Denmark","
+45 60 43 84 82",No Website,"
MJ72+Q8 Copenhagen, Denmark",55.6948399,12.4050031
29er Bike Shop,"4.8
(59)",(154),Bicycle Shop,"Ordrupvej 112, 2920 Charlottenlund, Denmark","
+45 39 65 29 29",https://29erbikeshop.dk/,"
QH59+WR Charlottenlund, Denmark",55.7598142,12.4253498
Kædesmeden,"4.9
(87)",(154),Bicycle repair shop,"Enghavevej 10, 1674 København, Denmark","
+45 93 80 73 70",https://kaedesmeden.dk/,"
MGCW+58 Copenhagen, Denmark",55.6704497,12.4015826
ELME CYKLER,"4.8
(23)",(154),Road cycling,"Nørrebrogade 32, 2200 København N, Denmark","
+45 60 60 60 18",http://www.elmecykler.dk/,"
MHQ5+HJ Copenhagen, Denmark",55.6704497,12.4015826
Heino Cykler,"4.0
(90)",(154),Bicycle Shop,"Lyngbyvej 165, 2100 København, Denmark","
+45 43 43 22 39",https://www.heino-cykler.dk/,"
PH94+Q4 Copenhagen, Denmark",55.7194478,12.4110903
Hafnia Cykler,"4.2
(43)",(154),Bicycle repair shop,"Stefansgade 51, 2200 København, Denmark","
+45 28 97 58 28",No Website,"
MGVR+2C Copenhagen, Denmark",55.7194478,12.4110903
Ama'r Cykelservice,"4.6
(130)",(154),Bicycle Shop,"Holmbladsgade 27, 2300 København S, Denmark","
+45 32 57 89 79",https://www.amarcykelservice.dk/,"
MJ84+3F Copenhagen, Denmark",55.6651289,12.4620205
Star Cykel,"2.9
(46)",(154),Bicycle Shop,"Nørrebrogade 190, 2200 København, Denmark","
+45 30 71 30 55",http://www.facebook.com/pages/Star-Cykel/412675198770009,"
MGXV+3J Copenhagen, Denmark",55.6651289,12.4620205
Kongens Cykler,"4.2
(105)",(154),Bicycle Shop,"Store Kongensgade 63, 1264 København, Denmark","
+45 50 41 50 73",No Website,"
MHMQ+V4 Copenhagen, Denmark",55.6651289,12.4620205
Staal Bikeshop,"5.0
(171)",(154),Bicycle Shop,"Dirch Passers Allé 22, 2000 Frederiksberg, Denmark","
+45 20 66 58 04",http://staalbikeshop.dk/,"
MGM3+JJ Frederiksberg, Denmark",55.6840738,12.3598323
Saxil Cykler,"4.2
(27)",(154),Bicycle Shop,"Vesterbrogade 166, 1800 Frederiksberg C, Denmark","
+45 35 35 01 15",http://www.saxiloriginal.dk/,"
MGCQ+58 Frederiksberg C, Frederiksberg, Denmark",55.6840738,12.3598323
Frb cyckelringen,"5.0
(89)",(154),Bicycle Shop,"Falkoner Alle 96, 2000 Frederiksberg, Denmark","
+45 23 82 94 00",http://frb-cykelringen.dk/,"
MGPQ+9R Frederiksberg, Denmark",55.6840738,12.3598323
Bike Time S.m.b.a,"2.6
(93)",(154),Bicycle Shop,"Amagerbrogade 124, 2300 København, Denmark","
+45 93 91 01 81",http://biketime.dk/,"
MJ55+46 Copenhagen, Denmark",55.6578235,12.4638077
Ms Cykelcenter,"3.5
(47)",(154),Bicycle repair shop,"Vester Farimagsgade 4, 1606 København, Denmark","
+45 61 65 53 15",http://mscykler.dk/,"
MHF6+RX Copenhagen, Denmark",55.6578235,12.4638077
Alex Cykler,"4.1
(85)",(154),Bicycle Shop,"Amagerfælledvej 21-23, 2300 København, Denmark","
+45 32 57 22 70",http://www.alex-cykler.dk/,"
MH8W+92 Copenhagen Municipality, Denmark",55.6578235,12.4638077
Cykelhandler,"4.6
(140)",(154),Bicycle repair shop,"Hillerødgade 22, 2200 København, Denmark",No Phone,No Website,"
MGWR+W2 Copenhagen, Denmark",55.6972507,12.395863
Uptown Bikes,"4.3
(53)",(154),Bicycle repair shop,"Frederiksberg Allé 32, 1820 Frederiksberg, Denmark","
+45 52 42 06 08",https://www.dba.dk/saelger/uptown-bikes/dbaboost/a4400682-0878-4428-af3b-250942a7317a,"
MGFW+CC Frederiksberg, Denmark",55.6972507,12.395863
Baisikeli,"4.2
(299)",(154),Bicycle Shop,"Ingerslevsgade 100, 1705 København, Denmark","
+45 26 70 02 29",http://www.baisikeli.dk/,"
MG89+HF Copenhagen, Denmark",55.6972507,12.395863
Schrøder Cykler,"3.7
(51)",(154),Bicycle Shop,"Amager Boul. 4, 2300 København, Denmark","
+45 32 54 86 19",http://www.schroeder-cykler.dk/,"
MH9J+J8 Copenhagen, Denmark",55.6972507,12.395863
Go BikeShop,"5.0
(17)",(154),Bicycle Shop,"Frederiksborgvej 114, 2400 København NV, Denmark","
+45 35 35 10 13",https://gobikeshop.dk/,"
PG6J+XW Copenhagen, Denmark",55.6972507,12.395863
Saxil Cykler Østerbro,"4.6
(117)",(154),Bicycle Shop,"Østerfælled Torv 19, 2100 København, Denmark","
+45 32 12 01 98",https://saxil-cykler.dk/,"
PH4G+7C Copenhagen, Denmark",55.6972507,12.395863
Grøndal cykler,"3.9
(40)",(154),Bicycle Shop,"Sallingvej 2, 2720 København, Denmark","
+45 38 34 34 03",http://xn--grndalcykler-wjb.dk/,"
MGV5+RP Copenhagen Municipality, Denmark",55.6972507,12.395863
Hr. Vélo,"4.6
(27)",(154),Bicycle Shop,"Vesterbrogade 135, 1620 København, Denmark",No Phone,http://www.hrvelo.dk/,"
MGCR+36 Copenhagen, Denmark",55.6972507,12.395863
City Bike Expert,"2.5
(35)",(154),Bicycle Shop,"Vesterbrogade 141, 1620 København, Denmark","
+45 33 31 76 67",No Website,"
MGCQ+2X Copenhagen, Denmark",55.6972507,12.395863
Sam Cykler,"3.6
(54)",(154),Bicycle Shop,"Amagerbrogade 16, 2300 København, Denmark","
+45 60 47 14 71",No Website,"
MH8X+Q3 Copenhagen, Denmark",55.6972507,12.395863
Københavns Cykelkooperativ,"4.3
(31)",(154),Bicycle Shop,"Blågårdsgade 13, 2200 København, Denmark","
+45 35 35 34 46",http://www.kbhck.dk/,"
MHP5+RM Copenhagen, Denmark",55.6972507,12.395863
Byman Cykler,"3.5
(48)",(154),Bicycle repair shop,"Øster Farimagsgade 32, 2100 København, Denmark","
+45 35 42 51 56",https://www.byman-cykler.dk/,"
MHRG+MJ Copenhagen, Denmark",55.6972507,12.395863
Velobless Cykler,"4.5
(10)",(154),Bicycle Shop,"Østerbrogade 147, 2100 København Ø, Denmark","
+45 39 29 09 29",https://velobless.dk/,"
PH7G+FV Copenhagen, Denmark",55.6972507,12.395863
Coh&Co,"4.9
(7)",(154),Bicycle Shop,"Telemarksgade 2, 2300 København S, Denmark","
+45 22 33 05 03",https://cohandco.com/,"
MJ52+Q7 Copenhagen, Denmark",55.6972507,12.395863
Cervéloshop,"5.0
(1)",(154),Bicycle Shop,"Istedgade 45, 1650 København, Denmark","
+45 36 89 38 00",http://www.cerveloshop.dk/,"
MH94+V5 Copenhagen, Denmark",55.6972507,12.395863
Chr.havn City Bikes,"3.0
(30)",(154),Bicycle Shop,"Torvegade 26, 1400 København, Denmark","
+45 32 95 90 99",http://www.cykelshop24.dk/chrhavn-city-cykler-koebenhavn-k.htm,"
MHFQ+6R Copenhagen, Denmark",55.6972507,12.395863
Cykel-basen/Elcykelsalg,"4.4
(115)",(154),Bicycle Shop,"Vigerslev Allé 58, 2500 Valby, Denmark","
+45 28 28 19 67",http://www.elcykelsalg.dk/,"
MG68+PH Valby, Copenhagen, Denmark",55.6972507,12.395863
Cykelbutikken,"4.5
(53)",(154),Bicycle Shop,"Hostrupsvej 3, 1950 Frederiksberg, Denmark","
+45 35 39 39 38",http://www.cykel-butikken.dk/,"
MGJP+P5 Frederiksberg, Denmark",55.6972507,12.395863
Classen's Cykler,"4.4
(17)",(154),Bicycle Shop,"Classensgade 11, 2100 København, Denmark","
+45 35 26 55 44",http://www.classenscykler.dk/,"
MHWJ+PJ Copenhagen, Denmark",55.6972507,12.395863
Cykel værkstedet,"3.6
(63)",(154),Bicycle Shop,"Nørregade 18, 1165 København, Denmark","
+45 27 85 85 84",No Website,"
MHJC+CG Copenhagen, Denmark",55.6972507,12.395863
Loke Cykler,"3.5
(12)",(154),Bicycle Shop,"Nørrebrogade 10, 2200 København, Denmark","
+45 24 88 00 03",http://www.lokecykler.dk/,"
MHQ6+2V Copenhagen, Denmark",55.6972507,12.395863
Marco Cykler,"4.6
(29)",(154),Bicycle Shop,"Jagtvej 131, 2200 København, Denmark","
+45 93 80 90 12",No Website,"
MHX3+52 Copenhagen, Denmark",55.6972507,12.395863
nihola Cykler,"4.2
(35)",(154),Bicycle Shop,"Ingerslevsgade 100, 1705 København, Denmark","
+45 33 22 79 05",http://www.nihola.dk/,"
MH85+65 Copenhagen, Denmark",55.6972507,12.395863
Royal Bike - Halmtorvets Cykler,"3.1
(36)",(154),Bicycle Shop,"Helgolandsgade 21, 1653 København, Denmark","
+45 33 22 55 25",http://www.istedgadeshopping.dk/butik/halmtorvets-cykler-13372.html,"
MHC6+CQ Copenhagen, Denmark",55.6972507,12.395863
Cykelexperten.dk,"4.1
(587)",(587),Bicycle Shop,"Slotsherrensvej 103, 2720 København, Denmark","
+45 72 30 18 17",https://cykelexperten.dk/,"
MFXF+5W Copenhagen, Denmark",55.6979846,12.3305582
Dennis & Lottes Cykler,"4.9
(127)",(587),Bicycle repair shop,"Nørre Voldgade 22, st, th, 1358 København, Denmark","
+45 71 74 71 30",http://www.delocy.dk/,"
MHJ9+24 Copenhagen, Denmark",55.6800752,12.4236623
Kgs Have Cykler,"4.9
(166)",(587),Bicycle Shop,"Sølvgade 26, 1307 København, Denmark","
+45 26 44 30 30",https://www.kgshavecykler.dk/,"
MHPJ+MQ Copenhagen, Denmark",55.6800752,12.4236623
VELOHOUSE - House of E-bikes,"4.8
(122)",(587),Electric bicycle store,"Gammel Køge Landevej 57, 2500 København, Denmark","
+45 41 37 21 00",https://velohouse.dk/,"
MG47+VF Copenhagen, Denmark",55.6800752,12.4236623
Marry cykler,"5.0
(176)",(587),Bicycle rental service,"Frederiksborgvej 50c, 2400 København, Denmark","
+45 31 13 11 65",https://www.rentbike.nu/,"
PG4J+FW Copenhagen, Denmark",55.6800752,12.4236623
Adam Cykler,"4.8
(45)",(587),Bicycle Shop,"Vesterbrogade 92, 1620 København, Denmark","
+45 61 66 63 98",http://www.vesterbrogade-shopping.dk/butik/adam-cykler-5047.html,"
MGCX+W9 Copenhagen, Denmark",55.6800752,12.4236623
Indian Bike Shop,"4.7
(41)",(587),Bicycle Shop,"Tagensvej 180, ST,TV, 2200 KØBENHAVN N, Denmark","
+45 27 21 48 06",https://www.proff.dk/firma/indian-bike-shop-vparamvir-singh/k%C3%B8benhavn-n/butikhandel/GXFUMZI10MC/,"
PG4V+8F Copenhagen, Denmark",55.6800752,12.4236623
A H Cycles,"4.4
(104)",(587),Bicycle Shop,"Istedgade 39, 1650 København, Denmark","
+45 36 89 38 00",http://www.ahcykler.dk/,"
MH94+XF Copenhagen, Denmark",55.6800752,12.4236623
Islands Brygge Cykler,"4.4
(82)",(587),Bicycle Shop,"Islands Brygge 15, 2300 København, Denmark","
+45 32 20 20 57",https://www.facebook.com/Islandsbryggecykler/,"
MH9H+37 Copenhagen, Denmark",55.6800752,12.4236623
cykelexspres klassisk &EL,"4.1
(136)",(587),Bicycle Shop,"Nørrebrogade 46, 2200 København N, Denmark","
+45 35 35 81 82",https://cykelexpres.dk/vare-kategori/herrecykler/,"
MHQ4+QM Copenhagen, Denmark",55.6800752,12.4236623
Cykel Chefen,"4.7
(151)",(587),Bicycle repair shop,"Nørre Søgade 41, 1370 København, Denmark","
+45 71 45 50 73",No Website,"
MHJ6+RJ Copenhagen, Denmark",55.6800752,12.4236623
Copenhagen Bike Fit,"4.6
(34)",(587),Bicycle Shop,"Randersgade 35, 2100 København, Denmark","
+45 61 65 19 92",http://copenhagenbikefit.dk/,"
PH3J+R8 Copenhagen, Denmark",55.6800752,12.4236623
Copenhagen Bikeshop,"4.5
(46)",(587),Bicycle Shop,"Jagtvej 68, 2200 København, Denmark","
+45 81 74 16 96",http://www.copenhagenbikeshop.dk/,"
MHW2+99 Copenhagen, Denmark",55.6800752,12.4236623
Hafnia Cykler,"4.2
(43)",(587),Bicycle repair shop,"Stefansgade 51, 2200 København, Denmark","
+45 28 97 58 28",No Website,"
MGVR+2C Copenhagen, Denmark",55.6800752,12.4236623
The Way to Bike,"4.2
(5)",(587),Bicycle Shop,"Rømersgade 7, 1362 København, Denmark","
+45 93 80 64 42",http://www.thewaytobike.dk/,"
MHM9+83 Copenhagen, Denmark",55.6800752,12.4236623
City Bike,"4.7
(27)",(587),Bicycle Shop,"Frederiksborggade 41, 1360 København, Denmark","
+45 28 46 68 71",No Website,"
MHP8+69 Copenhagen, Denmark",55.6800752,12.4236623
Leadout Cycling,"4.3
(170)",(587),Bicycle Shop,"Strandvejen 60, 2900 Hellerup, Denmark","
+45 23 63 63 16",https://leadoutcycling.com/,"
PHGG+WR Hellerup, Denmark",55.7272536,12.4328815
Star Cykel,"2.9
(46)",(587),Bicycle Shop,"Nørrebrogade 190, 2200 København, Denmark","
+45 30 71 30 55",http://www.facebook.com/pages/Star-Cykel/412675198770009,"
MGXV+3J Copenhagen, Denmark",55.7272536,12.4328815
Lindhart Cykler,"4.9
(47)",(587),Bicycle Shop,"Rømersgade 7, 1362 København, Denmark","
+45 40 70 83 57",https://www.facebook.com/lindhartcykler,"
MHM9+83 Copenhagen, Denmark",55.7272536,12.4328815
Vélo 94,"4.3
(92)",(587),Bicycle Shop,"Nørrebrogade 94, 2200 København N, Denmark","
+45 24 88 00 01",https://velo94.dk/,"
MHV2+3M Copenhagen, Denmark",55.7272536,12.4328815
Ms Cykelcenter,"3.5
(47)",(587),Bicycle repair shop,"Vester Farimagsgade 4, 1606 København, Denmark","
+45 61 65 53 15",http://mscykler.dk/,"
MHF6+RX Copenhagen, Denmark",55.6745688,12.4182796
Bike Time S.m.b.a,"2.6
(93)",(587),Bicycle Shop,"Amagerbrogade 124, 2300 København, Denmark","
+45 93 91 01 81",http://biketime.dk/,"
MJ55+46 Copenhagen, Denmark",55.6745688,12.4182796
Cykelhandler,"4.6
(140)",(587),Bicycle repair shop,"Hillerødgade 22, 2200 København, Denmark",No Phone,No Website,"
MGWR+W2 Copenhagen, Denmark",55.6745688,12.4182796
Velobarista,"4.7
(15)",(587),Bicycle Shop,"Valdemarsgade 65, 1665 København V, Denmark","
+45 40 58 32 24",http://velobarista.dk/,"
MG8X+XP Copenhagen, Denmark",55.6745688,12.4182796
Alex Cykler,"4.1
(85)",(587),Bicycle Shop,"Amagerfælledvej 21-23, 2300 København, Denmark","
+45 32 57 22 70",http://www.alex-cykler.dk/,"
MH8W+92 Copenhagen Municipality, Denmark",55.6745688,12.4182796
Fri BikeShop,"4.2
(78)",(587),Bicycle Shop,"Griffenfeldsgade 37, 2200 København N, Denmark","
+45 35 37 15 71",https://www.fribikeshop.dk/butikker/koebenhavn/noerrebro,"
MHP3+G6 Copenhagen, Denmark",55.6745688,12.4182796
Haider Cycle Workshop,"2.1
(38)",(587),Bicycle repair shop,"Gormsgade 1, 2200 København, Denmark","
+45 52 92 71 49",https://haiderscykler.dk/,"
MGWW+R6 Copenhagen, Denmark",55.6745688,12.4182796
Go BikeShop,"5.0
(17)",(587),Bicycle Shop,"Frederiksborgvej 114, 2400 København NV, Denmark","
+45 35 35 10 13",https://gobikeshop.dk/,"
PG6J+XW Copenhagen, Denmark",55.6979846,12.3305582
Søgade Cykler,"4.9
(64)",(587),Bicycle Shop,"Sølvgade 104, 1307 København K, Denmark","
+45 33 15 97 46",http://xn--sgadecykler-ggb.dk/,"
MHRC+7P Copenhagen, Denmark",55.6907301,12.427619
Butchers & Bicycles Ltd.,"4.4
(25)",(587),Bicycle Shop,"Flæsketorvet 18, 1711 København, Denmark","
+45 71 99 88 08",http://www.butchersandbicycles.com/,"
MH95+54 Copenhagen, Denmark",55.6907301,12.427619
Baisikeli,"4.2
(299)",(587),Bicycle Shop,"Ingerslevsgade 100, 1705 København, Denmark","
+45 26 70 02 29",http://www.baisikeli.dk/,"
MG89+HF Copenhagen, Denmark",55.6907301,12.427619
Hr. Vélo,"4.6
(27)",(587),Bicycle Shop,"Vesterbrogade 135, 1620 København, Denmark",No Phone,http://www.hrvelo.dk/,"
MGCR+36 Copenhagen, Denmark",55.6907301,12.427619
Enghave Cykler,"4.5
(56)",(587),Bicycle Shop,"Enghavevej 63, 1674 København V, Denmark","
+45 71 32 16 83",No Website,"
MG8V+68 Copenhagen, Denmark",55.6907301,12.427619
Luca's Cykler,"4.0
(102)",(587),Bicycle Shop,"Fredensgade 15A, 2200 København, Denmark","
+45 23 32 39 83",http://www.lucascykler.dk/,"
MHV8+6R Copenhagen, Denmark",55.6907301,12.427619
Christiania Bikes,"4.3
(48)",(587),Bicycle Shop,"Fabriksområdet 91, 1440 København K, Denmark","
+45 70 70 76 80",https://christianiacykler.dk/,"
MJF2+FF Copenhagen, Denmark",55.6907301,12.427619
Byman Cykler,"3.5
(48)",(587),Bicycle repair shop,"Øster Farimagsgade 32, 2100 København, Denmark","
+45 35 42 51 56",https://www.byman-cykler.dk/,"
MHRG+MJ Copenhagen, Denmark",55.6907301,12.427619
Chr.havn City Bikes,"3.0
(30)",(587),Bicycle Shop,"Torvegade 26, 1400 København, Denmark","
+45 32 95 90 99",http://www.cykelshop24.dk/chrhavn-city-cykler-koebenhavn-k.htm,"
MHFQ+6R Copenhagen, Denmark",55.6907301,12.427619
Cervéloshop,"5.0
(1)",(587),Bicycle Shop,"Istedgade 45, 1650 København, Denmark","
+45 36 89 38 00",http://www.cerveloshop.dk/,"
MH94+V5 Copenhagen, Denmark",55.6907301,12.427619
Al Zahraa Bicycles,"3.2
(5)",(587),Bicycle repair shop,"Nørrebrogade 74, 2200 København, Denmark","
+45 35 35 33 44",No Website,"
MHR3+H9 Copenhagen, Denmark",55.6907301,12.427619
Heino Cykler,"4.0
(90)",(587),Bicycle Shop,"Lyngbyvej 165, 2100 København, Denmark","
+45 43 43 22 39",https://www.heino-cykler.dk/,"
PH94+Q4 Copenhagen, Denmark",55.6907301,12.427619
Københavns Cykelkooperativ,"4.3
(31)",(587),Bicycle Shop,"Blågårdsgade 13, 2200 København, Denmark","
+45 35 35 34 46",http://www.kbhck.dk/,"
MHP5+RM Copenhagen, Denmark",55.6907301,12.427619
Cykelværkstedet,"5.0
(25)",(587),Bicycle Shop,"Tåsingegade 38, 2100 København, Denmark","
+45 52 73 80 79",https://www.facebook.com/kaedespinderiet/,"
PH6C+32 Copenhagen, Denmark",55.6907301,12.427619
Tukan Cykler,"4.7
(13)",(587),Bicycle repair shop,"Brigadevej 6, 2300 København, Denmark","
+45 23 48 17 18",https://www.facebook.com/TukanCykler/,"
MJ72+4F Copenhagen, Denmark",55.6907301,12.427619
Barholt Cykler,"4.2
(92)",(587),Bicycle Shop,"Østerbrogade 138, 2100 Østerbro, Denmark","
+45 35 42 43 44",http://www.barholtcykler.dk/,"
PH4H+Q3 Østerbro, Copenhagen, Denmark",55.6907301,12.427619
Cykel-basen/Elcykelsalg,"4.4
(115)",(587),Bicycle Shop,"Vigerslev Allé 58, 2500 Valby, Denmark","
+45 28 28 19 67",http://www.elcykelsalg.dk/,"
MG68+PH Valby, Copenhagen, Denmark",55.6907301,12.427619
Fix Cykler,"3.7
(55)",(587),Bicycle Shop,"Englandsvej 34, 2300 Amager Vest, Denmark","
+45 31 86 33 86",No Website,"
MJ43+6H Amager Vest, Copenhagen, Denmark",55.6907301,12.427619
Copenhagen Cycles,,(587),Bicycle Shop,"Vasbygade 10, 2450 København, Denmark","
+45 31 34 19 80",http://copenhagencycles.com/,"
MH53+5P Copenhagen, Denmark",55.6907301,12.427619
Horton Cykler,"5.0
(31)",(587),Bicycle Shop,"Gentoftegade 66, 2820 Gentofte, Denmark","
+45 32 20 99 00",https://hortoncykler.dk/cykler/?utm_source=Organisk&utm_medium=bred&utm_campaign=GMB&utm_id=GMB,"
PGWR+96 Gentofte, Denmark",55.7459881,12.3963464
Bicycle Innovation Lab,"5.0
(4)",(587),Association / Organization,"Prags Blvd., 2300 København, Denmark","
+45 50 13 33 04",https://bicycleinnovationlab.dk/,"
MJ86+RC Copenhagen, Denmark",55.6670474,12.4668729
Bike Copenhagen with Mike,"4.7
(140)",(587),Tour operator,"Sankt Peders Stræde 47, 1453 København, Denmark","
+45 26 39 56 88",http://www.bikecopenhagenwithmike.dk/,"
MHH8+FW Copenhagen, Denmark",55.6670474,12.4668729
specialized,,(587),Used bicycle shop,"Refshalevej 325, 1432 København, Denmark",No Phone,No Website,"
MJW5+5C Copenhagen, Denmark",55.6670474,12.4668729
Kædesmeden,"4.9
(87)",(587),Bicycle repair shop,"Enghavevej 10, 1674 København, Denmark","
+45 93 80 73 70",https://kaedesmeden.dk/,"
MGCW+58 Copenhagen, Denmark",55.6704497,12.4015826
Velo Pave,"4.9
(44)",(587),Bicycle Shop,"Rugmarken 9b, 3520 Farum, Denmark","
+45 22 81 94 26",http://www.velopave.dk/,"
R98F+M8 Farum, Denmark",55.816633,12.2290954
CPH Bike Shop,"4.4
(154)",(587),Bicycle Shop,"Holmbladsgade 38, 2300 København S, Denmark","
+45 32 96 34 28",https://www.cphbikeshop.dk/,"
MJ74+XF Copenhagen, Denmark",55.6649115,12.4619847
Loop Rentals - Cargo e-Bikes,"4.8
(110)",(110),Tour operator,"Sindshvilevej 4, 2000 København, Denmark","
+45 61 10 88 08",https://loop-rentals.com/,"
MGPP+2X Copenhagen, Denmark",55.6850089,12.249093
Marry cykler,"5.0
(176)",(110),Bicycle rental service,"Frederiksborgvej 50c, 2400 København, Denmark","
+45 31 13 11 65",https://www.rentbike.nu/,"
PG4J+FW Copenhagen, Denmark",55.6850089,12.249093
Kgs Have Cykler,"4.9
(166)",(110),Bicycle Shop,"Sølvgade 26, 1307 København, Denmark","
+45 26 44 30 30",https://www.kgshavecykler.dk/,"
MHPJ+MQ Copenhagen, Denmark",55.6850089,12.249093
Tropical Bikes,"4.9
(614)",(110),Sightseeing tour agency,"Vester Voldgade 2, 1552 København, Denmark","
+45 50 65 62 10",https://tropicalbikes.dk/,"
MHH8+8F Copenhagen, Denmark",55.6850089,12.249093
Sali's Bike,"4.8
(302)",(110),Bicycle Shop,"H. P. Ørums Gade 1, 2100 København, Denmark","
+45 71 52 95 32",https://www.salisbike.dk/,"
PH56+X2 Copenhagen, Denmark",55.6850089,12.249093
Cykel Chefen,"4.7
(151)",(110),Bicycle repair shop,"Nørre Søgade 41, 1370 København, Denmark","
+45 71 45 50 73",No Website,"
MHJ6+RJ Copenhagen, Denmark",55.6850089,12.249093
Islands Brygge Cykler,"4.4
(82)",(110),Bicycle Shop,"Islands Brygge 15, 2300 København, Denmark","
+45 32 20 20 57",https://www.facebook.com/Islandsbryggecykler/,"
MH9H+37 Copenhagen, Denmark",55.6850089,12.249093
CPH Bike Rental,"4.3
(35)",(110),Bicycle rental service,"Valhøjvej 2, 2500 Valby, Denmark","
+45 26 70 02 29",No Website,"
MG89+HF Valby, Copenhagen, Denmark",55.6850089,12.249093
City Bike Adventures,"4.5
(41)",(110),Bicycle rental service,"Holbergsgade 12, 1057 København, Denmark","
+45 71 99 91 50",https://www.citybikeadventures.com/,"
MHHQ+6F Copenhagen, Denmark",55.6850089,12.249093
beCopenhagen,"4.9
(213)",(110),Sightseeing tour agency,"Fortunstræde 1, 1065 København, Denmark","
+45 42 83 85 94",https://becopenhagen.dk/,"
MHHJ+6J Copenhagen, Denmark",55.6850089,12.249093
Copenhagen Bicycles,"4.2
(180)",(110),Bicycle rental service,copenhagenbicycles.dk,"
+45 93 92 91 32",https://copenhagenbicycles.dk/,No Plus Code,55.6850089,12.249093
Blegdams Cykler,"4.6
(37)",(110),Bicycle Shop,"Blegdamsvej 40, 2100 København, Denmark","
+45 32 13 81 82",http://www.blegdamscykler.dk/,"
MHV8+79 Copenhagen, Denmark",55.6850089,12.249093
Noa cykler,"3.9
(77)",(110),Bicycle Shop,"Nordre Frihavnsgade 56, 2100 København, Denmark","
+45 50 69 76 75",http://www.noacykler.dk/,"
PH2M+W7 Copenhagen, Denmark",55.6850089,12.249093
cykelexspres klassisk &EL,"4.1
(136)",(110),Bicycle Shop,"Nørrebrogade 46, 2200 København N, Denmark","
+45 35 35 81 82",https://cykelexpres.dk/vare-kategori/herrecykler/,"
MHQ4+QM Copenhagen, Denmark",55.6850089,12.249093
Rosenborg Cykler,"4.5
(131)",(110),Bicycle repair shop,"Rosenborggade 3, 1130 København, Denmark","
+45 20 44 55 57",http://www.rosenborgcykler.dk/,"
MHMF+8G Copenhagen, Denmark",55.6850089,12.249093
Bike Rental Copenhagen,"3.9
(99)",(110),Bicycle rental service,"Kongens Nytorv 8, 1050 København, Denmark","
+45 93 91 18 93",http://www.bikerentalcopenhagen.dk/,"
MHJP+HH Copenhagen, Denmark",55.6850089,12.249093
Swapfiets Copenhagen - Oslo Plads,"4.2
(211)",(110),Bicycle rental service,"Oslo Pl. 20, 2100 København Ø, Denmark",No Phone,http://www.swapfiets.dk/,"
MHVP+87 Copenhagen, Denmark",55.6850089,12.249093
HydroBiking ApS,"4.9
(32)",(110),Bicycle rental service,"Krudtløbsvej 2A, 1439 Indre By, Denmark","
+45 31 32 08 79",http://www.hydrobiking.dk/,"
MJM5+GM Indre By, Copenhagen, Denmark",55.6850089,12.249093
Vesterbro City Cykler,"4.4
(43)",(110),Bicycle Shop,"Vesterbrogade 91F, 1620 København, Denmark","
+45 42 31 41 77",No Website,"
MGCW+QV Copenhagen, Denmark",55.6850089,12.249093
Ms Cykelcenter,"3.5
(47)",(110),Bicycle repair shop,"Vester Farimagsgade 4, 1606 København, Denmark","
+45 61 65 53 15",http://mscykler.dk/,"
MHF6+RX Copenhagen, Denmark",55.6850089,12.249093
Baisikeli,"4.2
(299)",(110),Bicycle Shop,"Ingerslevsgade 100, 1705 København, Denmark","
+45 26 70 02 29",http://www.baisikeli.dk/,"
MG89+HF Copenhagen, Denmark",55.6850089,12.249093
Leadout Cycling,"4.3
(170)",(110),Bicycle Shop,"Strandvejen 60, 2900 Hellerup, Denmark","
+45 23 63 63 16",https://leadoutcycling.com/,"
PHGG+WR Hellerup, Denmark",55.6850089,12.249093
Norreport Bikes,"3.8
(86)",(110),Bicycle Shop,"Nørre Voldgade 11, 1358 København, Denmark","
+45 50 82 00 04",https://norreportbikes.dk/,"
MHMC+78 Copenhagen, Denmark",55.6850089,12.249093
Rentabike,"3.7
(60)",(110),Bicycle rental service,"Oslo Pl. 9, 2100 Indre By, Denmark","
+45 70 70 75 13",http://www.rentabike.dk/,"
MHRP+RH Indre By, Copenhagen, Denmark",55.6850089,12.249093
Recycles,"4.8
(66)",(110),Bicycle Shop,"Dybbølsgade 59, 1750 København, Denmark","
+45 31 33 90 28",http://recycles.dk/,"
MG8X+PC Copenhagen Municipality, Denmark",55.6850089,12.249093
Cykel Mesteren,"4.8
(709)",(110),Bicycle Shop,"Borgergade 26, 1300 Indre By, Denmark","
+45 44 94 00 44",No Website,"
MHMP+WG Indre By, Copenhagen, Denmark",55.6850089,12.249093
"Niko Cycles - Rentals, Sales, & Service","4.1
(50)",(110),Bicycle Shop,"Krusågade 2, 1719 København, Denmark","
+45 71 43 26 07",No Website,"
MH83+RQ Copenhagen, Denmark",55.6850089,12.249093
Bike Time S.m.b.a,"2.6
(93)",(110),Bicycle Shop,"Amagerbrogade 124, 2300 København, Denmark","
+45 93 91 01 81",http://biketime.dk/,"
MJ55+46 Copenhagen, Denmark",55.6850089,12.249093
Indian Bike Shop,"4.7
(41)",(110),Bicycle Shop,"Tagensvej 180, ST,TV, 2200 KØBENHAVN N, Denmark","
+45 27 21 48 06",https://www.proff.dk/firma/indian-bike-shop-vparamvir-singh/k%C3%B8benhavn-n/butikhandel/GXFUMZI10MC/,"
PG4V+8F Copenhagen, Denmark",55.6850089,12.249093
Stjerner Cykelværksted,"4.8
(106)",(110),Bicycle Shop,"Åboulevard 9D, 1635 København, Denmark","
+45 22 99 29 46",No Website,"
MHM4+69 Copenhagen, Denmark",55.6850089,12.249093
Adam Cykler,"4.8
(45)",(110),Bicycle Shop,"Vesterbrogade 92, 1620 København, Denmark","
+45 61 66 63 98",http://www.vesterbrogade-shopping.dk/butik/adam-cykler-5047.html,"
MGCX+W9 Copenhagen, Denmark",55.6850089,12.249093
Vélo 94,"4.3
(92)",(110),Bicycle Shop,"Nørrebrogade 94, 2200 København N, Denmark","
+45 24 88 00 01",https://velo94.dk/,"
MHV2+3M Copenhagen, Denmark",55.6850089,12.249093
Christiania Bikes,"4.3
(48)",(110),Bicycle Shop,"Fabriksområdet 91, 1440 København K, Denmark","
+45 70 70 76 80",https://christianiacykler.dk/,"
MJF2+FF Copenhagen, Denmark",55.6850089,12.249093
Luca's Cykler,"4.0
(102)",(110),Bicycle Shop,"Fredensgade 15A, 2200 København, Denmark","
+45 23 32 39 83",http://www.lucascykler.dk/,"
MHV8+6R Copenhagen, Denmark",55.6850089,12.249093
Rapha,"4.7
(123)",(110),Sportswear store,"Kristen Bernikows Gade 7, 1105 København K, Denmark","
+45 33 33 03 34",https://www.rapha.cc/gb/en/clubhouses/copenhagen,"
MHJJ+2R Copenhagen, Denmark",55.6850089,12.249093
Cykel Stop Frederiksberg,"3.8
(50)",(110),Bicycle Shop,"Borups Allé 131, 2000 Frederiksberg, Denmark","
+45 38 33 30 20",http://www.cykelstop.dk/,"
MGVJ+P4 Frederiksberg, Denmark",55.6850089,12.249093
City Bike,"4.7
(27)",(110),Bicycle Shop,"Frederiksborggade 41, 1360 København, Denmark","
+45 28 46 68 71",No Website,"
MHP8+69 Copenhagen, Denmark",55.6850089,12.249093
Pedalatleten - Elcykel testcenter,"3.7
(262)",(110),Electric bicycle store,"Oslo Pl. 9, 2100 København, Denmark","
+45 70 70 75 13",http://www.pedalatleten.dk/,"
MHRP+VH Copenhagen, Denmark",55.6850089,12.249093
Bycyklen Docking station - Gammel Kongevej / Planetarium,"5.0
(2)",(176),Bike sharing station,"Gl. Kongevej 6, 1610 København, Denmark","
+45 89 88 39 10",http://bycyklen.dk/,"
MHF4+JP Copenhagen Municipality, Denmark",55.6850089,12.249093
Swapfiets Copenhagen - Nordre Fasanvej,"4.0
(84)",(176),Bicycle rental service,"Nordre Fasanvej 17, 2000 Frederiksberg, Denmark","
+45 78 79 31 58",http://www.swapfiets.dk/,"
MGJC+FR Frederiksberg, Denmark",55.6850089,12.249093
Hafnia Cykler,"4.2
(43)",(176),Bicycle repair shop,"Stefansgade 51, 2200 København, Denmark","
+45 28 97 58 28",No Website,"
MGVR+2C Copenhagen, Denmark",55.6850089,12.249093
Egedal Cykler - Vesterbro,"4.6
(30)",(176),Bicycle Shop,"Istedgade 114, 1650 København, Denmark","
+45 22 11 80 04",No Website,"
MH92+FC Copenhagen, Denmark",55.6850089,12.249093
Copenhagen Bikeshop,"4.5
(46)",(176),Bicycle Shop,"Jagtvej 68, 2200 København, Denmark","
+45 81 74 16 96",http://www.copenhagenbikeshop.dk/,"
MHW2+99 Copenhagen, Denmark",55.6850089,12.249093
Buddha Bikes,"4.7
(298)",(176),Bicycle Shop,"Emblasgade 175, 2100 København, Denmark",No Phone,http://www.buddhabikes.dk/,"
PH53+3H Copenhagen, Denmark",55.6850089,12.249093
Copenhagen E-Bike Tours & Rentals,"4.9
(89)",(176),Tour operator,"Langelinie Allé 56, 2100 København, Denmark","
+45 31 23 89 00",http://www.copenhagenebiketours.com/,"
MJX2+84 Copenhagen, Denmark",55.6850089,12.249093
Søgade Cykler,"4.9
(64)",(176),Bicycle Shop,"Sølvgade 104, 1307 København K, Denmark","
+45 33 15 97 46",http://xn--sgadecykler-ggb.dk/,"
MHRC+7P Copenhagen, Denmark",55.6850089,12.249093
Classen's Cykler,"4.4
(17)",(176),Bicycle Shop,"Classensgade 11, 2100 København, Denmark","
+45 35 26 55 44",http://www.classenscykler.dk/,"
MHWJ+PJ Copenhagen, Denmark",55.6850089,12.249093
Dennis & Lottes Cykler,"4.9
(127)",(176),Bicycle repair shop,"Nørre Voldgade 22, st, th, 1358 København, Denmark","
+45 71 74 71 30",http://www.delocy.dk/,"
MHJ9+24 Copenhagen, Denmark",55.6850089,12.249093
Bycyklen Docking Station - Studiestræde/Bispetorvet,"4.7
(3)",(176),Bike sharing station,"Studiestræde 1, 1455 København, Denmark",No Phone,http://bycyklen.dk/,"
MHHC+PM Copenhagen, Denmark",55.6850089,12.249093
Rent A Bike,"3.2
(24)",(176),Bicycle rental service,"Helgolandsgade 21, 15, 1650, 1653 København, Denmark","
+45 33 22 55 25",No Website,"
MHC6+CQ Copenhagen, Denmark",55.6850089,12.249093
Baisikeli Rental – City,"4.0
(6)",(176),Bicycle rental service,"Ingerslevsgade 100, 1705 København, Denmark",No Phone,No Website,"
MH85+64 Copenhagen, Denmark",55.6850089,12.249093
Bycyklen Docking Station - Skt. Hans Torv,"5.0
(1)",(176),Bike sharing station,"Blegdamsvej 1, 2200 København, Denmark","
+45 89 88 39 10",http://bycyklen.dk/,"
MHR6+GM Copenhagen, Denmark",55.6850089,12.249093
Bycyklen Docking Station - Borgergade,"5.0
(3)",(176),Bike sharing station,"Borgergade 1F, 1123 København, Denmark","
+45 89 88 39 10",https://bycyklen.dk/,"
MHJM+RF Copenhagen, Denmark",55.6850089,12.249093
Segway Tours Copenhagen,"4.9
(352)",(176),Sightseeing tour agency,"Nikolaj Plads 34, 1067 København, Denmark","
+45 22 28 24 00",https://segwaytourscopenhagen.com/,"
MHHJ+7F Copenhagen, Denmark",55.6850089,12.249093
Bycyklen Docking Station - Nørreport Station Nord,"5.0
(3)",(176),Bike sharing station,"Øster Voldgade 2, 1350 København, Denmark","
+45 89 88 39 10",http://bycyklen.dk/,"
MHMF+VM Copenhagen, Denmark",55.6850089,12.249093
Donkey Republic,"5.0
(2)",(176),Bike sharing station,"Halmtorvet III, 1703 København, Denmark",No Phone,No Website,"
MHC6+7R Copenhagen Municipality, Denmark",55.6850089,12.249093
CBS Bike Rental,"1.0
(1)",(176),Bicycle rental service,"Jagtvej 68, st, 2200 København, Denmark","
+45 35 34 33 45",No Website,"
MHW2+99 Copenhagen, Denmark",55.6850089,12.249093
Bycyklen Docking Station - Amagerbrogade/Elbagade,"3.7
(9)",(176),Bike sharing station,"Elbagade 1, 2300 København, Denmark","
+45 89 88 39 10",http://bycyklen.dk/,"
MJ36+8H Copenhagen, Denmark",55.6850089,12.249093
Bycyklen Docking Station - Amager Strand Metrostation,"5.0
(1)",(176),Bike sharing station,"Roselillevej 36, 2300 København, Denmark","
+45 89 88 39 10",https://bycyklen.dk/,"
MJ4J+FM Copenhagen, Denmark",55.6850089,12.249093
Bike Copenhagen with Mike,"4.7
(140)",(176),Tour operator,"Sankt Peders Stræde 47, 1453 København, Denmark","
+45 26 39 56 88",http://www.bikecopenhagenwithmike.dk/,"
MHH8+FW Copenhagen, Denmark",55.6850089,12.249093
Bycyklen,"4.5
(2)",(176),Bike sharing station,"Vingårdstræde 2, 1070 København, Denmark","
+45 89 88 39 10",https://bycyklen.dk/,"
MHHP+H2 Copenhagen, Denmark",55.6850089,12.249093
Bike Sharing Station,"4.0
(1)",(176),Bike sharing station,"Studiestræde 1, 1455 København, Denmark",No Phone,No Website,"
MHHC+PM Copenhagen, Denmark",55.6850089,12.249093
Bycyklen Docking Station - Rådhuspladsen,"4.5
(2)",(176),Bike sharing station,"H. C. Andersens Blvd. 22, 1553 København, Denmark","
+45 89 88 39 10",https://bycyklen.dk/,"
MHG9+6F Copenhagen, Denmark",55.6850089,12.249093
Bycyklen Docking Station - Halmtorvet,"2.0
(1)",(176),Bike sharing station,"Staldgade 8A, 1699 København, Denmark","
+45 89 88 39 10",http://bycyklen.dk/,"
MH96+W2 Copenhagen Municipality, Denmark",55.6850089,12.249093
Bycyklen Docking Station,"3.0
(1)",(176),Bike sharing station,"H. C. Andersens Blvd., 1553 København, Denmark",No Phone,http://bycyklen.dk/,"
MHFC+CQ Copenhagen, Denmark",55.6850089,12.249093
Bycyklen Docking Station - Lergravsparken Metrostation,"4.0
(2)",(176),Bike sharing station,"Lergravsvej 11, 2300 København, Denmark","
+45 89 88 39 10",https://bycyklen.dk/,"
MJ68+WH Copenhagen, Denmark",55.6850089,12.249093
Copenhagen Bike Fit,"4.6
(34)",(176),Bicycle Shop,"Randersgade 35, 2100 København, Denmark","
+45 61 65 19 92",http://copenhagenbikefit.dk/,"
PH3J+R8 Copenhagen, Denmark",55.6850089,12.249093
Bycyklen Docking Station - Nørreport Station Midt,"4.0
(2)",(176),Bike sharing station,"Nørre Voldgade 56, 1358 København, Denmark","
+45 89 88 39 10",https://bycyklen.dk/,"
MHMC+26 Copenhagen, Denmark",55.6850089,12.249093
Bycyklen Docking Station - Københavns Hovedbanegård,"3.0
(2)",(176),Bike sharing station,"Bernstorffsgade 14, 1577 København, Denmark","
+45 89 88 39 10",https://bycyklen.dk/,"
MHF8+96 Copenhagen, Denmark",55.6850089,12.249093
Bycyklen Docking Station - Pilestræde,"3.7
(3)",(176),Bike sharing station,"Pilestræde 65, 1112 København, Denmark","
+45 89 88 39 10",https://bycyklen.dk/,"
MHJG+QR Copenhagen, Denmark",55.6850089,12.249093
The Way to Bike,"4.2
(5)",(176),Bicycle Shop,"Rømersgade 7, 1362 København, Denmark","
+45 93 80 64 42",http://www.thewaytobike.dk/,"
MHM9+83 Copenhagen, Denmark",55.6850089,12.249093
Bycyklen Docking Station - Vesterbros Torv,,(176),Bike sharing station,"Gasværksvej 1, 1656 København, Denmark","
+45 89 88 39 10",https://bycyklen.dk/,"
MHC4+V6 Copenhagen, Denmark",55.6850089,12.249093
Kongens Nytorv Bycyklen Station,"3.0
(1)",(176),Bike sharing station,"Kongens Nytorv 13, 1050 København, Denmark",No Phone,No Website,"
MHHM+MW Copenhagen, Denmark",55.6850089,12.249093
eCykelhjelm,"3.7
(9)",(9),Bicycle Shop,"Husby Alle 19, 2630 Taastrup, Denmark","
+45 61 10 93 93",http://ecykelhjelm.dk/,"
M75V+WJ Taastrup, Denmark",55.659836,12.1498354
CPH Bike Shop,"4.4
(154)",(9),Bicycle Shop,"Holmbladsgade 38, 2300 København S, Denmark","
+45 32 96 34 28",https://www.cphbikeshop.dk/,"
MJ74+XF Copenhagen, Denmark",55.6649115,12.4619847
P. H. Cycles,"5.0
(79)",(9),Bicycle Shop,"Blegdamsvej 130, 2100 København, Denmark","
+45 35 42 33 11",https://www.facebook.com/pages/PH-Cykler/131757240368969,"
MHXG+CC Copenhagen, Denmark",55.6649115,12.4619847
Islands Brygge Cykler,"4.4
(82)",(9),Bicycle Shop,"Islands Brygge 15, 2300 København, Denmark","
+45 32 20 20 57",https://www.facebook.com/Islandsbryggecykler/,"
MH9H+37 Copenhagen, Denmark",55.6649115,12.4619847
Adam Cykler,"4.8
(45)",(9),Bicycle Shop,"Vesterbrogade 92, 1620 København, Denmark","
+45 61 66 63 98",http://www.vesterbrogade-shopping.dk/butik/adam-cykler-5047.html,"
MGCX+W9 Copenhagen, Denmark",55.6649115,12.4619847
Indian Bike Shop,"4.7
(41)",(9),Bicycle Shop,"Tagensvej 180, ST,TV, 2200 KØBENHAVN N, Denmark","
+45 27 21 48 06",https://www.proff.dk/firma/indian-bike-shop-vparamvir-singh/k%C3%B8benhavn-n/butikhandel/GXFUMZI10MC/,"
PG4V+8F Copenhagen, Denmark",55.6649115,12.4619847
Buddha Bikes,"4.7
(298)",(9),Bicycle Shop,"Emblasgade 175, 2100 København, Denmark",No Phone,http://www.buddhabikes.dk/,"
PH53+3H Copenhagen, Denmark",55.6649115,12.4619847
City Bike,"4.7
(27)",(9),Bicycle Shop,"Frederiksborggade 41, 1360 København, Denmark","
+45 28 46 68 71",No Website,"
MHP8+69 Copenhagen, Denmark",55.6649115,12.4619847
VELOHOUSE - House of E-bikes,"4.8
(122)",(9),Electric bicycle store,"Gammel Køge Landevej 57, 2500 København, Denmark","
+45 41 37 21 00",https://velohouse.dk/,"
MG47+VF Copenhagen, Denmark",55.6571329,12.3695419
A H Cycles,"4.4
(104)",(9),Bicycle Shop,"Istedgade 39, 1650 København, Denmark","
+45 36 89 38 00",http://www.ahcykler.dk/,"
MH94+XF Copenhagen, Denmark",55.6571329,12.3695419
Copenhagen Bikeshop,"4.5
(46)",(9),Bicycle Shop,"Jagtvej 68, 2200 København, Denmark","
+45 81 74 16 96",http://www.copenhagenbikeshop.dk/,"
MHW2+99 Copenhagen, Denmark",55.6571329,12.3695419
Rapha,"4.7
(123)",(9),Sportswear store,"Kristen Bernikows Gade 7, 1105 København K, Denmark","
+45 33 33 03 34",https://www.rapha.cc/gb/en/clubhouses/copenhagen,"
MHJJ+2R Copenhagen, Denmark",55.6571329,12.3695419
Sali's Bike,"4.8
(302)",(9),Bicycle Shop,"H. P. Ørums Gade 1, 2100 København, Denmark","
+45 71 52 95 32",https://www.salisbike.dk/,"
PH56+X2 Copenhagen, Denmark",55.7099003,12.4158649
cykelexspres klassisk &EL,"4.1
(136)",(9),Bicycle Shop,"Nørrebrogade 46, 2200 København N, Denmark","
+45 35 35 81 82",https://cykelexpres.dk/vare-kategori/herrecykler/,"
MHQ4+QM Copenhagen, Denmark",55.7099003,12.4158649
CPH Bike Express,"4.7
(154)",(9),Bicycle Shop,"Borgbjergsvej 39, 2450 København, Denmark","
+45 32 12 54 77",No Website,"
MG2P+4F Copenhagen, Denmark",55.6502846,12.3919488
Kgs Have Cykler,"4.9
(166)",(9),Bicycle Shop,"Sølvgade 26, 1307 København, Denmark","
+45 26 44 30 30",https://www.kgshavecykler.dk/,"
MHPJ+MQ Copenhagen, Denmark",55.6502846,12.3919488
Larry vs. Harry,"4.5
(52)",(9),Bicycle Shop,"Frederiksborggade 43, 1361 Indre By, Denmark","
+45 31 36 17 19",http://www.larryvsharry.com/,"
MHP8+87 Indre By, Copenhagen, Denmark",55.6502846,12.3919488
OMNIUM Nørrebro,"4.2
(30)",(9),Bicycle Shop,"Nørrebrogade 200, 2200 København, Denmark","
+45 30 20 44 84",https://omniumcargo.com/,"
MGXV+C5 Copenhagen, Denmark",55.6985324,12.398692
Recycles,"4.8
(66)",(9),Bicycle Shop,"Dybbølsgade 59, 1750 København, Denmark","
+45 31 33 90 28",http://recycles.dk/,"
MG8X+PC Copenhagen Municipality, Denmark",55.6985324,12.398692
Noa cykler,"3.9
(77)",(9),Bicycle Shop,"Nordre Frihavnsgade 56, 2100 København, Denmark","
+45 50 69 76 75",http://www.noacykler.dk/,"
PH2M+W7 Copenhagen, Denmark",55.6985324,12.398692
Blegdams Cykler,"4.6
(37)",(9),Bicycle Shop,"Blegdamsvej 40, 2100 København, Denmark","
+45 32 13 81 82",http://www.blegdamscykler.dk/,"
MHV8+79 Copenhagen, Denmark",55.6985324,12.398692
"Niko Cycles - Rentals, Sales, & Service","4.1
(50)",(9),Bicycle Shop,"Krusågade 2, 1719 København, Denmark","
+45 71 43 26 07",No Website,"
MH83+RQ Copenhagen, Denmark",55.6985324,12.398692
Copenhagen Bike Fit,"4.6
(34)",(9),Bicycle Shop,"Randersgade 35, 2100 København, Denmark","
+45 61 65 19 92",http://copenhagenbikefit.dk/,"
PH3J+R8 Copenhagen, Denmark",55.6985324,12.398692
Velobarista,"4.7
(15)",(9),Bicycle Shop,"Valdemarsgade 65, 1665 København V, Denmark","
+45 40 58 32 24",http://velobarista.dk/,"
MG8X+XP Copenhagen, Denmark",55.6985324,12.398692
Cykel Chefen,"4.7
(151)",(9),Bicycle repair shop,"Nørre Søgade 41, 1370 København, Denmark","
+45 71 45 50 73",No Website,"
MHJ6+RJ Copenhagen, Denmark",55.6985324,12.398692
The Way to Bike,"4.2
(5)",(9),Bicycle Shop,"Rømersgade 7, 1362 København, Denmark","
+45 93 80 64 42",http://www.thewaytobike.dk/,"
MHM9+83 Copenhagen, Denmark",55.6985324,12.398692
Arosa Cykler,"4.9
(47)",(9),Bicycle Shop,"Vesterbrogade 135, 1620 København, Denmark","
+45 61 65 35 93",http://arosacykler.dk/,"
MGCR+36 Copenhagen, Denmark",55.6985324,12.398692
Lindhart Cykler,"4.9
(47)",(9),Bicycle Shop,"Rømersgade 7, 1362 København, Denmark","
+45 40 70 83 57",https://www.facebook.com/lindhartcykler,"
MHM9+83 Copenhagen, Denmark",55.6985324,12.398692
Copenhagen Cycling Club,"4.9
(62)",(9),Bicycle Shop,"Rådhusvej 3, 2920 Charlottenlund, Denmark","
+45 31 19 59 48",https://copenhagencyclingclub.com/,"
QH3C+3W Charlottenlund, Denmark",55.7526993,12.4281019
Cykelexperten.dk,"4.1
(587)",(9),Bicycle Shop,"Slotsherrensvej 103, 2720 København, Denmark","
+45 72 30 18 17",https://cykelexperten.dk/,"
MFXF+5W Copenhagen, Denmark",55.6979846,12.3305582
Vélo 94,"4.3
(92)",(9),Bicycle Shop,"Nørrebrogade 94, 2200 København N, Denmark","
+45 24 88 00 01",https://velo94.dk/,"
MHV2+3M Copenhagen, Denmark",55.6926563,12.4074389
Pedalatleten - Elcykel testcenter,"3.7
(262)",(9),Electric bicycle store,"Oslo Pl. 9, 2100 København, Denmark","
+45 70 70 75 13",http://www.pedalatleten.dk/,"
MHRP+VH Copenhagen, Denmark",55.6926563,12.4074389
Fri BikeShop,"4.1
(115)",(9),Bicycle Shop,"Gl. Kongevej 1, 1610 København V, Denmark","
+45 33 21 80 88",https://www.fribikeshop.dk/butikker/koebenhavn/urania,"
MHF6+Q2 Copenhagen, Denmark",55.6926563,12.4074389
Chili Bikes,"4.8
(11)",(9),Bicycle Shop,"Jagtvej 118, 2200 København, Denmark","
+45 26 80 06 25",No Website,"
MHX3+GM Copenhagen, Denmark",55.6926563,12.4074389
Dennis & Lottes Cykler,"4.9
(127)",(9),Bicycle repair shop,"Nørre Voldgade 22, st, th, 1358 København, Denmark","
+45 71 74 71 30",http://www.delocy.dk/,"
MHJ9+24 Copenhagen, Denmark",55.6926563,12.4074389
Luca's Cykler,"4.0
(102)",(9),Bicycle Shop,"Fredensgade 15A, 2200 København, Denmark","
+45 23 32 39 83",http://www.lucascykler.dk/,"
MHV8+6R Copenhagen, Denmark",55.6926563,12.4074389
Star Bike,"5.0
(146)",(9),Bicycle Shop,"Rantzausgade 4, 2200 København N, Denmark","
+45 30 30 30 13",https://starbike.dk/,"
MHP3+55 Copenhagen, Denmark",55.6926563,12.4074389
Norreport Bikes,"3.8
(86)",(9),Bicycle Shop,"Nørre Voldgade 11, 1358 København, Denmark","
+45 50 82 00 04",https://norreportbikes.dk/,"
MHMC+78 Copenhagen, Denmark",55.6926563,12.4074389
Søgade Cykler,"4.9
(64)",(9),Bicycle Shop,"Sølvgade 104, 1307 København K, Denmark","
+45 33 15 97 46",http://xn--sgadecykler-ggb.dk/,"
MHRC+7P Copenhagen, Denmark",55.6926563,12.4074389
Jagtvej Cykler 101,"4.8
(275)",(154),Bicycle Shop,"Jagtvej 101, 2200 København N, Denmark","
+45 30 64 25 64",No Website,"
MHW2+84 Copenhagen, Denmark",55.6926563,12.4074389
Alex Cykler,"4.1
(85)",(154),Bicycle Shop,"Amagerfælledvej 21-23, 2300 København, Denmark","
+45 32 57 22 70",http://www.alex-cykler.dk/,"
MH8W+92 Copenhagen Municipality, Denmark",55.6926563,12.4074389
Bikeshop.dk,"4.1
(29)",(154),Bicycle Shop,"Århusgade 97, 2100 København, Denmark","
+45 35 43 00 43",http://www.bikeshop.dk/,"
PH4P+RR Copenhagen, Denmark",55.6926563,12.4074389
Svanemøllens Cykler,"5.0
(264)",(154),Bicycle Shop,"Østerbrogade 165, 2100 København, Denmark","
+45 39 20 42 90",http://svanemoellenscykler.dk/,"
PH8G+4V Copenhagen, Denmark",55.6926563,12.4074389
Retro Cykler,"4.8
(102)",(154),Bicycle Shop,"Jagtvej 79, 2200 København, Denmark","
+45 60 15 94 44",No Website,"
MGVX+WM Copenhagen, Denmark",55.6926563,12.4074389
Stjerner Cykelværksted,"4.8
(106)",(154),Bicycle Shop,"Åboulevard 9D, 1635 København, Denmark","
+45 22 99 29 46",No Website,"
MHM4+69 Copenhagen, Denmark",55.6926563,12.4074389
Leadout Cycling,"4.3
(170)",(154),Bicycle Shop,"Strandvejen 60, 2900 Hellerup, Denmark","
+45 23 63 63 16",https://leadoutcycling.com/,"
PHGG+WR Hellerup, Denmark",55.6926563,12.4074389
Kalles Cykler,"4.2
(55)",(154),Bicycle Shop,"Amagerbrogade 37, 2300 København, Denmark","
+45 60 43 84 82",No Website,"
MJ72+Q8 Copenhagen, Denmark",55.6926563,12.4074389
Go BikeShop,"5.0
(17)",(154),Bicycle Shop,"Frederiksborgvej 114, 2400 København NV, Denmark","
+45 35 35 10 13",https://gobikeshop.dk/,"
PG6J+XW Copenhagen, Denmark",55.6926563,12.4074389
Cykelfabrikken,"4.4
(7)",(154),Bicycle Shop,"Istedgade 92, 1650 København, Denmark","
+45 27 12 32 32",http://www.cykelfabrikken.dk/,"
MH93+J2 Copenhagen, Denmark",55.6926563,12.4074389
Butchers & Bicycles Ltd.,"4.4
(25)",(154),Bicycle Shop,"Flæsketorvet 18, 1711 København, Denmark","
+45 71 99 88 08",http://www.butchersandbicycles.com/,"
MH95+54 Copenhagen, Denmark",55.6926563,12.4074389
Lion Cykler,"4.4
(78)",(154),Bicycle Shop,"Frederikssundsvej 68, 2400 København, Denmark","
+45 26 63 02 66",http://www.noerrebro-shopping.dk/butik/lion-cykler-6857.html,"
PG3G+QW Copenhagen, Denmark",55.6926563,12.4074389
Isak Cykelservice,"4.8
(96)",(154),Bicycle Shop,"Jagtvej 195, 2100 København, Denmark","
+45 27 82 23 82",No Website,"
PH59+5X Copenhagen, Denmark",55.6926563,12.4074389
Kongens Cykler,"4.2
(106)",(154),Bicycle Shop,"Store Kongensgade 63, 1264 København, Denmark","
+45 50 41 50 73",No Website,"
MHMQ+V4 Copenhagen, Denmark",55.6926563,12.4074389
Cykel Mesteren,"4.8
(709)",(154),Bicycle Shop,"Borgergade 26, 1300 Indre By, Denmark","
+45 44 94 00 44",No Website,"
MHMP+WG Indre By, Copenhagen, Denmark",55.6926563,12.4074389
Staal Bikeshop,"5.0
(171)",(154),Bicycle Shop,"Dirch Passers Allé 22, 2000 Frederiksberg, Denmark","
+45 20 66 58 04",http://staalbikeshop.dk/,"
MGM3+JJ Frederiksberg, Denmark",55.6926563,12.4074389
Saxil Cykler,"4.2
(27)",(154),Bicycle Shop,"Vesterbrogade 166, 1800 Frederiksberg C, Denmark","
+45 35 35 01 15",http://www.saxiloriginal.dk/,"
MGCQ+58 Frederiksberg C, Frederiksberg, Denmark",55.6926563,12.4074389
Cervéloshop,"5.0
(1)",(154),Bicycle Shop,"Istedgade 45, 1650 København, Denmark","
+45 36 89 38 00",http://www.cerveloshop.dk/,"
MH94+V5 Copenhagen, Denmark",55.6926563,12.4074389
Hr. Vélo,"4.6
(27)",(154),Bicycle Shop,"Vesterbrogade 135, 1620 København, Denmark",No Phone,http://www.hrvelo.dk/,"
MGCR+36 Copenhagen, Denmark",55.6926563,12.4074389
Heino Cykler,"4.0
(90)",(154),Bicycle Shop,"Lyngbyvej 165, 2100 København, Denmark","
+45 43 43 22 39",https://www.heino-cykler.dk/,"
PH94+Q4 Copenhagen, Denmark",55.6926563,12.4074389
Christiania Bikes,"4.3
(48)",(154),Bicycle Shop,"Fabriksområdet 91, 1440 København K, Denmark","
+45 70 70 76 80",https://christianiacykler.dk/,"
MJF2+FF Copenhagen, Denmark",55.6926563,12.4074389
Star Cykel,"2.9
(46)",(154),Bicycle Shop,"Nørrebrogade 190, 2200 København, Denmark","
+45 30 71 30 55",http://www.facebook.com/pages/Star-Cykel/412675198770009,"
MGXV+3J Copenhagen, Denmark",55.6926563,12.4074389
City Bike Expert,"2.5
(35)",(154),Bicycle Shop,"Vesterbrogade 141, 1620 København, Denmark","
+45 33 31 76 67",No Website,"
MGCQ+2X Copenhagen, Denmark",55.6926563,12.4074389
Enghave Cykler,"4.5
(56)",(154),Bicycle Shop,"Enghavevej 63, 1674 København V, Denmark","
+45 71 32 16 83",No Website,"
MG8V+68 Copenhagen, Denmark",55.6926563,12.4074389
Egedal Cykler - Vesterbro,"4.6
(30)",(154),Bicycle Shop,"Istedgade 114, 1650 København, Denmark","
+45 22 11 80 04",No Website,"
MH92+FC Copenhagen, Denmark",55.6926563,12.4074389
Schrøder Cykler,"3.7
(51)",(154),Bicycle Shop,"Amager Boul. 4, 2300 København, Denmark","
+45 32 54 86 19",http://www.schroeder-cykler.dk/,"
MH9J+J8 Copenhagen, Denmark",55.6926563,12.4074389
Velobless Cykler,"4.5
(10)",(154),Bicycle Shop,"Østerbrogade 147, 2100 København Ø, Denmark","
+45 39 29 09 29",https://velobless.dk/,"
PH7G+FV Copenhagen, Denmark",55.6926563,12.4074389
thansen København S,"3.3
(180)",(154),Home goods store,"Rundholtsvej 4, 2300 København, Denmark","
+45 31 31 31 31",https://www.thansen.dk/butikker/koebenhavns?utm_source=google&utm_medium=organic&utm_campaign=local_search&utm_id=koebenhavns,"
MH38+FV Copenhagen, Denmark",55.6926563,12.4074389
Ama'r Cykelservice,"4.6
(130)",(154),Bicycle Shop,"Holmbladsgade 27, 2300 København S, Denmark","
+45 32 57 89 79",https://www.amarcykelservice.dk/,"
MJ84+3F Copenhagen, Denmark",55.6926563,12.4074389
Bike Time S.m.b.a,"2.6
(93)",(154),Bicycle Shop,"Amagerbrogade 124, 2300 København, Denmark","
+45 93 91 01 81",http://biketime.dk/,"
MJ55+46 Copenhagen, Denmark",55.6926563,12.4074389
Frb cyckelringen,"5.0
(89)",(154),Bicycle Shop,"Falkoner Alle 96, 2000 Frederiksberg, Denmark","
+45 23 82 94 00",http://frb-cykelringen.dk/,"
MGPQ+9R Frederiksberg, Denmark",55.6926563,12.4074389
BikeLab CPH,"5.0
(26)",(154),Bicycle Shop,"Vesterbrogade 54, 1620 København, Denmark","
+45 61 62 25 66",https://www.bikelabcph.dk/,"
MHF3+3H Copenhagen, Denmark",55.6926563,12.4074389
Saxil Cykler Østerbro,"4.6
(117)",(154),Bicycle Shop,"Østerfælled Torv 19, 2100 København, Denmark","
+45 32 12 01 98",https://saxil-cykler.dk/,"
PH4G+7C Copenhagen, Denmark",55.6926563,12.4074389
Gold Star Cykler v/Søren C Jørgensen,"4.9
(54)",(154),Bicycle Shop,"Amagerbrogade 9B, 2300 København, Denmark","
+45 32 58 70 49",No Website,"
MH9W+3X Copenhagen, Denmark",55.6926563,12.4074389
Gammelholm Cykler,"4.1
(21)",(154),Bicycle Shop,"Holbergsgade 12, 1057 København, Denmark","
+45 33 33 83 84",No Website,"
MHHQ+4G Copenhagen, Denmark",55.6926563,12.4074389
Chr.havn City Bikes,"3.0
(30)",(154),Bicycle Shop,"Torvegade 26, 1400 København, Denmark","
+45 32 95 90 99",http://www.cykelshop24.dk/chrhavn-city-cykler-koebenhavn-k.htm,"
MHFQ+6R Copenhagen, Denmark",55.6926563,12.4074389
Bike fixer,"4.8
(19)",(154),Bicycle Shop,"Amager Landevej 139 A B, 2770 Kastrup, Denmark","
+45 91 81 13 14",No Website,"
JJHF+99 Kastrup, Denmark",55.6284512,12.4792124
Expander Cykler,"4.7
(70)",(154),Bicycle Shop,"Frederiksborgvej 84, 2400 København, Denmark","
+45 35 81 06 01",No Website,"
PG5J+7W Copenhagen, Denmark",55.7081739,12.3881138
Marco Cykler,"4.6
(29)",(154),Bicycle Shop,"Jagtvej 131, 2200 København, Denmark","
+45 93 80 90 12",No Website,"
MHX3+52 Copenhagen, Denmark",55.7081739,12.3881138
Sam Cykler,"3.6
(54)",(154),Bicycle Shop,"Amagerbrogade 16, 2300 København, Denmark","
+45 60 47 14 71",No Website,"
MH8X+Q3 Copenhagen, Denmark",55.7081739,12.3881138
Cykel værkstedet,"3.6
(63)",(154),Bicycle Shop,"Nørregade 18, 1165 København, Denmark","
+45 27 85 85 84",No Website,"
MHJC+CG Copenhagen, Denmark",55.7081739,12.3881138
Copenhagen Cycles,,(154),Bicycle Shop,"Vasbygade 10, 2450 København, Denmark","
+45 31 34 19 80",http://copenhagencycles.com/,"
MH53+5P Copenhagen, Denmark",55.7081739,12.3881138
nihola Cykler,"4.2
(35)",(154),Bicycle Shop,"Ingerslevsgade 100, 1705 København, Denmark","
+45 33 22 79 05",http://www.nihola.dk/,"
MH85+65 Copenhagen, Denmark",55.7081739,12.3881138
Sorico Cykler,"4.7
(78)",(154),Bicycle Shop,"Toftegårds Allé 16, 2500 København, Denmark","
+45 36 16 06 01",http://www.sorico-cykler.dk/,"
MG88+4J Copenhagen, Denmark",55.7081739,12.3881138
Rosenborg Cykler,"4.5
(131)",(154),Bicycle repair shop,"Rosenborggade 3, 1130 København, Denmark","
+45 20 44 55 57",http://www.rosenborgcykler.dk/,"
MHMF+8G Copenhagen, Denmark",55.7081739,12.3881138
Classen's Cykler,"4.4
(17)",(154),Bicycle Shop,"Classensgade 11, 2100 København, Denmark","
+45 35 26 55 44",http://www.classenscykler.dk/,"
MHWJ+PJ Copenhagen, Denmark",55.7081739,12.3881138
Coh&Co,"4.9
(7)",(154),Bicycle Shop,"Telemarksgade 2, 2300 København S, Denmark","
+45 22 33 05 03",https://cohandco.com/,"
MJ52+Q7 Copenhagen, Denmark",55.7081739,12.3881138
Bryggen City Cykler,"3.7
(66)",(154),Bicycle Shop,"Leifsgade 1, 2300 København, Denmark","
+45 35 36 92 22",https://m.facebook.com/people/Bryggen-City-Cykler/100065430521748/,"
MH8J+3M Copenhagen, Denmark",55.7081739,12.3881138
"Max's Bike (Repair, Rent, Buy)","2.9
(36)",(154),Bicycle Shop,"Nørre Farimagsgade 40, 1364 København, Denmark","
+45 91 41 15 52",http://www.maxbike.dk/,"
MHM8+7J Copenhagen, Denmark",55.7081739,12.3881138
ML Cykler (Cykelværksted og - handel),"4.8
(72)",(154),Bicycle Shop,"Gammel Jernbanevej 28, 2500 København, Denmark","
+45 50 56 54 57",No Website,"
MG79+RG Copenhagen, Denmark",55.7081739,12.3881138
Kliché Bryggens Cykel & Værksted,"5.0
(8)",(154),Bicycle Shop,"Islands Brygge 79B, 2300 København, Denmark","
+45 29 90 36 00",No Website,"
MH58+3X Copenhagen, Denmark",55.7081739,12.3881138
Elias cykler,"5.0
(36)",(154),Bicycle Shop,"Isafjordsgade 5, 2300 København, Denmark","
+45 42 42 94 73",No Website,"
MH8H+7G Copenhagen, Denmark",55.7081739,12.3881138
Ralson Nordic & Cykelværksted,"4.7
(3)",(154),Bicycle Shop,"Prinsessegade 61, 1422 København K, Denmark","
+45 52 71 72 92",https://www.ralsoncykler.dk/,"
MHFX+WG Copenhagen, Denmark",55.7081739,12.3881138
Rådhusstræde Cykler,"4.2
(17)",(154),Bicycle Shop,"Rådhusstræde 9, 1466 København, Denmark","
+45 50 43 98 00",No Website,"
MHGF+MR Copenhagen, Denmark",55.7081739,12.3881138
Københavns Cykelkooperativ,"4.3
(31)",(154),Bicycle Shop,"Blågårdsgade 13, 2200 København, Denmark","
+45 35 35 34 46",http://www.kbhck.dk/,"
MHP5+RM Copenhagen, Denmark",55.7081739,12.3881138
Cykeljagt,"3.7
(3)",(154),Bicycle Shop,"Jagtvej 25, 2200 København, Denmark","
+45 35 83 24 46",https://cykeljagt.dk/,"
MGRV+7Q Copenhagen, Denmark",55.7081739,12.3881138
Baisikeli,"4.2
(299)",(154),Bicycle Shop,"Ingerslevsgade 100, 1705 København, Denmark","
+45 26 70 02 29",http://www.baisikeli.dk/,"
MG89+HF Copenhagen, Denmark",55.7081739,12.3881138
Lindebjerg,"4.7
(18)",(18),Bicycle Shop,"Gladsaxevej 341, 2860 Søborg, Denmark","
+45 63 15 00 00",https://lindebjerg.dk/?utm_source=google&utm_medium=gmb&utm_campaign=vallensbaek,"
PFPP+QG Søborg, Denmark",55.7369046,12.1979272
VELOHOUSE - House of E-bikes,"4.8
(122)",(18),Electric bicycle store,"Gammel Køge Landevej 57, 2500 København, Denmark","
+45 41 37 21 00",https://velohouse.dk/,"
MG47+VF Copenhagen, Denmark",55.7369046,12.1979272
Indian Bike Shop,"4.7
(41)",(18),Bicycle Shop,"Tagensvej 180, ST,TV, 2200 KØBENHAVN N, Denmark","
+45 27 21 48 06",https://www.proff.dk/firma/indian-bike-shop-vparamvir-singh/k%C3%B8benhavn-n/butikhandel/GXFUMZI10MC/,"
PG4V+8F Copenhagen, Denmark",55.7369046,12.1979272
Kgs Have Cykler,"4.9
(166)",(18),Bicycle Shop,"Sølvgade 26, 1307 København, Denmark","
+45 26 44 30 30",https://www.kgshavecykler.dk/,"
MHPJ+MQ Copenhagen, Denmark",55.7369046,12.1979272
Islands Brygge Cykler,"4.4
(82)",(18),Bicycle Shop,"Islands Brygge 15, 2300 København, Denmark","
+45 32 20 20 57",https://www.facebook.com/Islandsbryggecykler/,"
MH9H+37 Copenhagen, Denmark",55.7369046,12.1979272
cykelexspres klassisk &EL,"4.1
(136)",(18),Bicycle Shop,"Nørrebrogade 46, 2200 København N, Denmark","
+45 35 35 81 82",https://cykelexpres.dk/vare-kategori/herrecykler/,"
MHQ4+QM Copenhagen, Denmark",55.7369046,12.1979272
Adam Cykler,"4.8
(45)",(18),Bicycle Shop,"Vesterbrogade 92, 1620 København, Denmark","
+45 61 66 63 98",http://www.vesterbrogade-shopping.dk/butik/adam-cykler-5047.html,"
MGCX+W9 Copenhagen, Denmark",55.7369046,12.1979272
Cykel Chefen,"4.7
(151)",(18),Bicycle repair shop,"Nørre Søgade 41, 1370 København, Denmark","
+45 71 45 50 73",No Website,"
MHJ6+RJ Copenhagen, Denmark",55.7369046,12.1979272
Pedalatleten - Elcykel testcenter,"3.7
(262)",(18),Electric bicycle store,"Oslo Pl. 9, 2100 København, Denmark","
+45 70 70 75 13",http://www.pedalatleten.dk/,"
MHRP+VH Copenhagen, Denmark",55.7369046,12.1979272
Leadout Cycling,"4.3
(170)",(18),Bicycle Shop,"Strandvejen 60, 2900 Hellerup, Denmark","
+45 23 63 63 16",https://leadoutcycling.com/,"
PHGG+WR Hellerup, Denmark",55.7369046,12.1979272
City Bike,"4.7
(27)",(18),Bicycle Shop,"Frederiksborggade 41, 1360 København, Denmark","
+45 28 46 68 71",No Website,"
MHP8+69 Copenhagen, Denmark",55.7369046,12.1979272
Noa cykler,"3.9
(77)",(18),Bicycle Shop,"Nordre Frihavnsgade 56, 2100 København, Denmark","
+45 50 69 76 75",http://www.noacykler.dk/,"
PH2M+W7 Copenhagen, Denmark",55.7369046,12.1979272
Neptun Cykler,"3.6
(182)",(18),Bicycle Shop,"Teglholmsgade 4C, 2450 København, Denmark","
+45 61 50 50 81",https://neptuncykler.dk/,"
MG3V+69 Copenhagen, Denmark",55.7369046,12.1979272
Isak Cykelservice,"4.8
(96)",(18),Bicycle Shop,"Jagtvej 195, 2100 København, Denmark","
+45 27 82 23 82",No Website,"
PH59+5X Copenhagen, Denmark",55.7369046,12.1979272
Luca's Cykler,"4.0
(102)",(18),Bicycle Shop,"Fredensgade 15A, 2200 København, Denmark","
+45 23 32 39 83",http://www.lucascykler.dk/,"
MHV8+6R Copenhagen, Denmark",55.7369046,12.1979272
OMNIUM Nørrebro,"4.2
(30)",(18),Bicycle Shop,"Nørrebrogade 200, 2200 København, Denmark","
+45 30 20 44 84",https://omniumcargo.com/,"
MGXV+C5 Copenhagen, Denmark",55.7369046,12.1979272
The Way to Bike,"4.2
(5)",(18),Bicycle Shop,"Rømersgade 7, 1362 København, Denmark","
+45 93 80 64 42",http://www.thewaytobike.dk/,"
MHM9+83 Copenhagen, Denmark",55.7369046,12.1979272
P. H. Cycles,"5.0
(79)",(18),Bicycle Shop,"Blegdamsvej 130, 2100 København, Denmark","
+45 35 42 33 11",https://www.facebook.com/pages/PH-Cykler/131757240368969,"
MHXG+CC Copenhagen, Denmark",55.7369046,12.1979272
Rencykel.dk,"4.5
(158)",(18),Bicycle repair shop,"Robert Jacobsens Vej 70, 2300 Amager Vest, Denmark","
+45 71 74 95 59",https://www.rencykel.dk/book-tid-orestad-8-tallet,"
JH9C+3V Amager Vest, Copenhagen, Denmark",55.6177404,12.2837869
CPH Bike Shop,"4.4
(154)",(18),Bicycle Shop,"Holmbladsgade 38, 2300 København S, Denmark","
+45 32 96 34 28",https://www.cphbikeshop.dk/,"
MJ74+XF Copenhagen, Denmark",55.6177404,12.2837869
Marry cykler,"5.0
(176)",(18),Bicycle rental service,"Frederiksborgvej 50c, 2400 København, Denmark","
+45 31 13 11 65",https://www.rentbike.nu/,"
PG4J+FW Copenhagen, Denmark",55.6177404,12.2837869
E-Bike Union,"5.0
(2)",(18),Bicycle Shop,"Poppelstykket 14, 16, 2450 Cooenhagen sv, Denmark","
+45 50 16 91 89",https://e-bikeunion.dk/,"
MG26+RM Copenhagen, Denmark",55.6177404,12.2837869
Cykel Hjørnet,"4.9
(33)",(18),Bicycle repair shop,"Nygårdsvej 27, 2100 København, Denmark","
+45 42 72 29 71",No Website,"
PH6F+Q2 Copenhagen, Denmark",55.7119439,12.2841755
A H Cycles,"4.4
(104)",(18),Bicycle Shop,"Istedgade 39, 1650 København, Denmark","
+45 36 89 38 00",http://www.ahcykler.dk/,"
MH94+XF Copenhagen, Denmark",55.7119439,12.2841755
Ms Cykelcenter,"3.5
(47)",(18),Bicycle repair shop,"Vester Farimagsgade 4, 1606 København, Denmark","
+45 61 65 53 15",http://mscykler.dk/,"
MHF6+RX Copenhagen, Denmark",55.7119439,12.2841755
Copenhagen Bikeshop,"4.5
(46)",(18),Bicycle Shop,"Jagtvej 68, 2200 København, Denmark","
+45 81 74 16 96",http://www.copenhagenbikeshop.dk/,"
MHW2+99 Copenhagen, Denmark",55.7119439,12.2841755
thansen København S,"3.3
(180)",(18),Home goods store,"Rundholtsvej 4, 2300 København, Denmark","
+45 31 31 31 31",https://www.thansen.dk/butikker/koebenhavns?utm_source=google&utm_medium=organic&utm_campaign=local_search&utm_id=koebenhavns,"
MH38+FV Copenhagen, Denmark",55.7119439,12.2841755
Loop Rentals - Cargo e-Bikes,"4.8
(110)",(18),Tour operator,"Sindshvilevej 4, 2000 København, Denmark","
+45 61 10 88 08",https://loop-rentals.com/,"
MGPP+2X Copenhagen, Denmark",55.7119439,12.2841755
Cykelfabrikken,"4.4
(7)",(18),Bicycle Shop,"Istedgade 92, 1650 København, Denmark","
+45 27 12 32 32",http://www.cykelfabrikken.dk/,"
MH93+J2 Copenhagen, Denmark",55.7119439,12.2841755
Star Bike,"5.0
(146)",(18),Bicycle Shop,"Rantzausgade 4, 2200 København N, Denmark","
+45 30 30 30 13",https://starbike.dk/,"
MHP3+55 Copenhagen, Denmark",55.7119439,12.2841755
Cykel Mesteren,"4.8
(709)",(18),Bicycle Shop,"Borgergade 26, 1300 Indre By, Denmark","
+45 44 94 00 44",No Website,"
MHMP+WG Indre By, Copenhagen, Denmark",55.7119439,12.2841755
Buddha Bikes,"4.7
(298)",(18),Bicycle Shop,"Emblasgade 175, 2100 København, Denmark",No Phone,http://www.buddhabikes.dk/,"
PH53+3H Copenhagen, Denmark",55.7119439,12.2841755
Sali's Bike,"4.8
(302)",(18),Bicycle Shop,"H. P. Ørums Gade 1, 2100 København, Denmark","
+45 71 52 95 32",https://www.salisbike.dk/,"
PH56+X2 Copenhagen, Denmark",55.7119439,12.2841755
Swapfiets Copenhagen - Oslo Plads,"4.2
(211)",(18),Bicycle rental service,"Oslo Pl. 20, 2100 København Ø, Denmark",No Phone,http://www.swapfiets.dk/,"
MHVP+87 Copenhagen, Denmark",55.7119439,12.2841755
Copenhagen E-Bike Tours & Rentals,"4.9
(89)",(18),Tour operator,"Langelinie Allé 56, 2100 København, Denmark","
+45 31 23 89 00",http://www.copenhagenebiketours.com/,"
MJX2+84 Copenhagen, Denmark",55.7119439,12.2841755
Norreport Bikes,"3.8
(86)",(18),Bicycle Shop,"Nørre Voldgade 11, 1358 København, Denmark","
+45 50 82 00 04",https://norreportbikes.dk/,"
MHMC+78 Copenhagen, Denmark",55.7119439,12.2841755
Go BikeShop,"5.0
(17)",(18),Bicycle Shop,"Frederiksborgvej 114, 2400 København NV, Denmark","
+45 35 35 10 13",https://gobikeshop.dk/,"
PG6J+XW Copenhagen, Denmark",55.7119439,12.2841755
beCopenhagen,"4.9
(213)",(18),Sightseeing tour agency,"Fortunstræde 1, 1065 København, Denmark","
+45 42 83 85 94",https://becopenhagen.dk/,"
MHHJ+6J Copenhagen, Denmark",55.7119439,12.2841755
Vélo 94,"4.3
(92)",(18),Bicycle Shop,"Nørrebrogade 94, 2200 København N, Denmark","
+45 24 88 00 01",https://velo94.dk/,"
MHV2+3M Copenhagen, Denmark",55.7119439,12.2841755
Vélo 94,"4.3
(92)",(122),Bicycle Shop,"Nørrebrogade 94, 2200 København N, Denmark","
+45 24 88 00 01",https://velo94.dk/,"
MHV2+3M Copenhagen, Denmark",55.7119439,12.2841755
Fri Bikeshop,"4.3
(85)",(122),Bicycle Shop,"Godthåbsvej 248, 254, 2720 Vanløse, Denmark","
+45 71 99 23 13",https://www.fribikeshop.dk/butikker/vanloese,"
MGV6+R7 Vanløse, Copenhagen, Denmark",55.7119439,12.2841755
Copenhagen Bike Fit,"4.6
(34)",(122),Bicycle Shop,"Randersgade 35, 2100 København, Denmark","
+45 61 65 19 92",http://copenhagenbikefit.dk/,"
PH3J+R8 Copenhagen, Denmark",55.7119439,12.2841755
Larry vs. Harry,"4.5
(52)",(122),Bicycle Shop,"Frederiksborggade 43, 1361 Indre By, Denmark","
+45 31 36 17 19",http://www.larryvsharry.com/,"
MHP8+87 Indre By, Copenhagen, Denmark",55.7119439,12.2841755
City Bike Expert,"2.5
(35)",(122),Bicycle Shop,"Vesterbrogade 141, 1620 København, Denmark","
+45 33 31 76 67",No Website,"
MGCQ+2X Copenhagen, Denmark",55.7119439,12.2841755
Velobarista,"4.7
(15)",(122),Bicycle Shop,"Valdemarsgade 65, 1665 København V, Denmark","
+45 40 58 32 24",http://velobarista.dk/,"
MG8X+XP Copenhagen, Denmark",55.7119439,12.2841755
Butchers & Bicycles Ltd.,"4.4
(25)",(122),Bicycle Shop,"Flæsketorvet 18, 1711 København, Denmark","
+45 71 99 88 08",http://www.butchersandbicycles.com/,"
MH95+54 Copenhagen, Denmark",55.7119439,12.2841755
Copenhagen Bicycles,"4.2
(180)",(122),Bicycle rental service,copenhagenbicycles.dk,"
+45 93 92 91 32",https://copenhagenbicycles.dk/,No Plus Code,55.7119439,12.2841755
Stjerner Cykelværksted,"4.8
(106)",(122),Bicycle Shop,"Åboulevard 9D, 1635 København, Denmark","
+45 22 99 29 46",No Website,"
MHM4+69 Copenhagen, Denmark",55.7119439,12.2841755
Velorbis Testcenter,"4.0
(10)",(122),Showroom,"Holbergsgade 12, 1057 København K, Denmark","
+45 31 11 00 30",https://velorbis.dk/,"
MHHQ+5F Copenhagen, Denmark",55.7119439,12.2841755
Bikeshop.dk,"4.1
(29)",(122),Bicycle Shop,"Århusgade 97, 2100 København, Denmark","
+45 35 43 00 43",http://www.bikeshop.dk/,"
PH4P+RR Copenhagen, Denmark",55.7119439,12.2841755
thansen Østerbro,"3.8
(225)",(122),Home goods store,"Østerbrogade 125, st, 2100 København, Denmark","
+45 31 31 31 31",https://www.thansen.dk/butikker/oesterbro?utm_source=google&utm_medium=organic&utm_campaign=local_search&utm_id=oesterbro,"
PH6G+RW Copenhagen, Denmark",55.7119439,12.2841755
Fri BikeShop,"4.1
(115)",(122),Bicycle Shop,"Gl. Kongevej 1, 1610 København V, Denmark","
+45 33 21 80 88",https://www.fribikeshop.dk/butikker/koebenhavn/urania,"
MHF6+Q2 Copenhagen, Denmark",55.7119439,12.2841755
Saturn Cykler,"4.3
(41)",(122),Bicycle Shop,"Finsensvej 43 B, 2000 Frederiksberg, Denmark","
+45 28 87 83 11",No Website,"
MGJ6+P2 Frederiksberg, Denmark",55.7119439,12.2841755
Retro Cykler,"4.8
(102)",(122),Bicycle Shop,"Jagtvej 79, 2200 København, Denmark","
+45 60 15 94 44",No Website,"
MGVX+WM Copenhagen, Denmark",55.7119439,12.2841755
Classen's Cykler,"4.4
(17)",(122),Bicycle Shop,"Classensgade 11, 2100 København, Denmark","
+45 35 26 55 44",http://www.classenscykler.dk/,"
MHWJ+PJ Copenhagen, Denmark",55.7119439,12.2841755
Svanemøllens Cykler,"5.0
(264)",(122),Bicycle Shop,"Østerbrogade 165, 2100 København, Denmark","
+45 39 20 42 90",http://svanemoellenscykler.dk/,"
PH8G+4V Copenhagen, Denmark",55.7119439,12.2841755
Tropical Bikes,"4.9
(614)",(122),Sightseeing tour agency,"Vester Voldgade 2, 1552 København, Denmark","
+45 50 65 62 10",https://tropicalbikes.dk/,"
MHH8+8F Copenhagen, Denmark",55.7119439,12.2841755
Saxil Cykler,"4.2
(27)",(122),Bicycle Shop,"Vesterbrogade 166, 1800 Frederiksberg C, Denmark","
+45 35 35 01 15",http://www.saxiloriginal.dk/,"
MGCQ+58 Frederiksberg C, Frederiksberg, Denmark",55.7119439,12.2841755
BikeLab CPH,"5.0
(26)",(122),Bicycle Shop,"Vesterbrogade 54, 1620 København, Denmark","
+45 61 62 25 66",https://www.bikelabcph.dk/,"
MHF3+3H Copenhagen, Denmark",55.7119439,12.2841755
KBH Ø Cykler,"4.4
(60)",(122),Bicycle Shop,"Østerbrogade 147, 2100 København, Denmark","
+45 31 22 15 61",https://www.kbhcykler.dk/,"
PH7G+FV Copenhagen, Denmark",55.7119439,12.2841755
Bike Time S.m.b.a,"2.6
(93)",(122),Bicycle Shop,"Amagerbrogade 124, 2300 København, Denmark","
+45 93 91 01 81",http://biketime.dk/,"
MJ55+46 Copenhagen, Denmark",55.7119439,12.2841755
Stromer Speed pedelec elcykel Center,,(122),Electric bicycle store,"Gammel Køge Landevej 55, 2500 København, Denmark","
+45 41 37 21 00",https://velohouse.dk/collections/stromer,"
MG47+XM Copenhagen, Denmark",55.7119439,12.2841755
Star Cykel,"2.9
(46)",(122),Bicycle Shop,"Nørrebrogade 190, 2200 København, Denmark","
+45 30 71 30 55",http://www.facebook.com/pages/Star-Cykel/412675198770009,"
MGXV+3J Copenhagen, Denmark",55.7119439,12.2841755
MATE.BIKE HQ,"2.4
(84)",(122),Manufacturer,"Gråbrødretorv, 1154 København, Denmark",No Phone,https://mate.bike/,"
MHHG+VC Copenhagen, Denmark",55.7119439,12.2841755
Christiania Bikes,"4.3
(48)",(122),Bicycle Shop,"Fabriksområdet 91, 1440 København K, Denmark","
+45 70 70 76 80",https://christianiacykler.dk/,"
MJF2+FF Copenhagen, Denmark",55.7119439,12.2841755
Speed Pedelec Elcykler,,(122),Electric bicycle store,"Gammel Køge Landevej 57, 2500 Valby, Denmark","
+45 41 37 21 00",https://velohouse.dk/collections/speed-pedelec-45-km-t,"
MG47+VF Valby, Copenhagen, Denmark",55.7119439,12.2841755
Coh&Co,"4.9
(7)",(122),Bicycle Shop,"Telemarksgade 2, 2300 København S, Denmark","
+45 22 33 05 03",https://cohandco.com/,"
MJ52+Q7 Copenhagen, Denmark",55.7119439,12.2841755
Jooll,"4.3
(45)",(122),Bicycle Shop,"Kattegatvej 39, 2150 København, Denmark",No Phone,https://jooll.bike/,"
PJC5+G7 Copenhagen, Denmark",55.7119439,12.2841755
Rosenborg Cykler,"4.5
(131)",(122),Bicycle repair shop,"Rosenborggade 3, 1130 København, Denmark","
+45 20 44 55 57",http://www.rosenborgcykler.dk/,"
MHMF+8G Copenhagen, Denmark",55.7119439,12.2841755
Hr. Vélo,"4.6
(27)",(122),Bicycle Shop,"Vesterbrogade 135, 1620 København, Denmark",No Phone,http://www.hrvelo.dk/,"
MGCR+36 Copenhagen, Denmark",55.7119439,12.2841755
Schrøder Cykler,"3.7
(51)",(122),Bicycle Shop,"Amager Boul. 4, 2300 København, Denmark","
+45 32 54 86 19",http://www.schroeder-cykler.dk/,"
MH9J+J8 Copenhagen, Denmark",55.7119439,12.2841755
Garden Cykler,"4.9
(96)",(122),Bicycle repair shop,"Jagtvej 115, 2200 København, Denmark","
+45 60 30 13 24",No Website,"
MHW2+JC Copenhagen, Denmark",55.7119439,12.2841755
Alex Cykler,"4.1
(85)",(122),Bicycle Shop,"Amagerfælledvej 21-23, 2300 København, Denmark","
+45 32 57 22 70",http://www.alex-cykler.dk/,"
MH8W+92 Copenhagen Municipality, Denmark",55.7119439,12.2841755
Egedal Cykler - Vesterbro,"4.6
(30)",(122),Bicycle Shop,"Istedgade 114, 1650 København, Denmark","
+45 22 11 80 04",No Website,"
MH92+FC Copenhagen, Denmark",55.7119439,12.2841755
Ama'r Cykelservice,"4.6
(130)",(122),Bicycle Shop,"Holmbladsgade 27, 2300 København S, Denmark","
+45 32 57 89 79",https://www.amarcykelservice.dk/,"
MJ84+3F Copenhagen, Denmark",55.7119439,12.2841755
Søgade Cykler,"4.9
(64)",(122),Bicycle Shop,"Sølvgade 104, 1307 København K, Denmark","
+45 33 15 97 46",http://xn--sgadecykler-ggb.dk/,"
MHRC+7P Copenhagen, Denmark",55.7119439,12.2841755
Frb cyckelringen,"5.0
(89)",(122),Bicycle Shop,"Falkoner Alle 96, 2000 Frederiksberg, Denmark","
+45 23 82 94 00",http://frb-cykelringen.dk/,"
MGPQ+9R Frederiksberg, Denmark",55.7119439,12.2841755
Lion Cykler,"4.4
(78)",(122),Bicycle Shop,"Frederikssundsvej 68, 2400 København, Denmark","
+45 26 63 02 66",http://www.noerrebro-shopping.dk/butik/lion-cykler-6857.html,"
PG3G+QW Copenhagen, Denmark",55.7119439,12.2841755
Chr.havn City Bikes,"3.0
(30)",(122),Bicycle Shop,"Torvegade 26, 1400 København, Denmark","
+45 32 95 90 99",http://www.cykelshop24.dk/chrhavn-city-cykler-koebenhavn-k.htm,"
MHFQ+6R Copenhagen, Denmark",55.7119439,12.2841755
Royal Bike - Halmtorvets Cykler,"3.1
(36)",(122),Bicycle Shop,"Helgolandsgade 21, 1653 København, Denmark","
+45 33 22 55 25",http://www.istedgadeshopping.dk/butik/halmtorvets-cykler-13372.html,"
MHC6+CQ Copenhagen, Denmark",55.7119439,12.2841755
Newton Cykler,"4.7
(46)",(122),Bicycle Shop,"Amagerbrogade 267, 2300 København, Denmark","
+45 32 62 30 62",https://newtoncykler.dk/,"
JJV8+J7 Copenhagen, Denmark",55.7119439,12.2841755
Baisikeli,"4.2
(299)",(122),Bicycle Shop,"Ingerslevsgade 100, 1705 København, Denmark","
+45 26 70 02 29",http://www.baisikeli.dk/,"
MG89+HF Copenhagen, Denmark",55.7119439,12.2841755
Fri Bike Shop Rødovre,"4.2
(83)",(122),Bicycle Shop,"Roskildevej 254, 258, 2610 Rødovre, Denmark","
+45 43 42 23 13",https://www.fribikeshop.dk/butikker/roedovre/roskildevej,"
MFFC+4Q Rødovre, Denmark",55.7119439,12.2841755
Greenrider.dk - Få el på din cykel,"5.0
(1)",(122),Bicycle Shop,"Jyllingevej 42, 2720 København, Denmark","
+45 93 60 47 57",https://www.greenrider.dk/,"
MFRP+X6 Copenhagen, Denmark",55.7119439,12.2841755
Heino Cykler,"4.0
(90)",(122),Bicycle Shop,"Lyngbyvej 165, 2100 København, Denmark","
+45 43 43 22 39",https://www.heino-cykler.dk/,"
PH94+Q4 Copenhagen, Denmark",55.7119439,12.2841755
Jupiter Ekstra,"3.9
(50)",(122),Bicycle Shop,"Amagerbrogade 197, 2300 København, Denmark","
+45 32 55 73 53",http://jupiter-ekstra.dk/,"
MJ27+53 Copenhagen, Denmark",55.7119439,12.2841755
Sorico Cykler,"4.7
(78)",(122),Bicycle Shop,"Toftegårds Allé 16, 2500 København, Denmark","
+45 36 16 06 01",http://www.sorico-cykler.dk/,"
MG88+4J Copenhagen, Denmark",55.7119439,12.2841755
Sam Cykler,"3.6
(54)",(122),Bicycle Shop,"Amagerbrogade 16, 2300 København, Denmark","
+45 60 47 14 71",No Website,"
MH8X+Q3 Copenhagen, Denmark",55.7119439,12.2841755
Cykelstyrken (Amager),"3.1
(21)",(122),Bicycle Shop,"Reberbanegade 3, 2300 København, Denmark","
+45 32 57 68 48",https://www.cykelstyrken.dk/,"
MJ73+2W Copenhagen, Denmark",55.7119439,12.2841755
Elvira Elcykler,"3.8
(68)",(122),Electric bicycle store,"Hvidovrevej 90, 2610 Rødovre, Denmark","
+45 36 70 54 44",http://www.elviraelcykler.dk/,"
MF7F+XF Rødovre, Denmark",55.7119439,12.2841755
Ladcyklen.dk,"4.4
(74)",(122),Bicycle Shop,"Jernbane Allé 19, 2720 København, Denmark","
+45 82 82 89 89",https://www.ladcyklen.dk/,"
MFPR+3Q Copenhagen, Denmark",55.7119439,12.2841755
Kædesmeden,"4.9
(87)",(122),Bicycle repair shop,"Enghavevej 10, 1674 København, Denmark","
+45 93 80 73 70",https://kaedesmeden.dk/,"
MGCW+58 Copenhagen, Denmark",55.7119439,12.2841755
Falck Cykler,"4.0
(21)",(122),Bicycle Shop,"Gl. Kongevej 87, 1850 Frederiksberg, Denmark","
+45 33 25 24 85",https://www.facebook.com/falckcykler.frb/,"
MGFX+RM Frederiksberg Municipality, Denmark",55.7119439,12.2841755
Cervéloshop,"5.0
(1)",(122),Bicycle Shop,"Istedgade 45, 1650 København, Denmark","
+45 36 89 38 00",http://www.cerveloshop.dk/,"
MH94+V5 Copenhagen, Denmark",55.7119439,12.2841755
Saxil Cykler Østerbro,"4.6
(117)",(122),Bicycle Shop,"Østerfælled Torv 19, 2100 København, Denmark","
+45 32 12 01 98",https://saxil-cykler.dk/,"
PH4G+7C Copenhagen, Denmark",55.7119439,12.2841755
Copenhagen Bike Factory,"3.0
(2)",(122),Bicycle Shop,"Brobergsgade 4, 1427 København K, Denmark","
+45 71 96 12 14",https://copenhagenbikefactory.dk/,"
MHGW+4H Copenhagen, Denmark",55.7119439,12.2841755
nihola Cykler,"4.2
(35)",(122),Bicycle Shop,"Ingerslevsgade 100, 1705 København, Denmark","
+45 33 22 79 05",http://www.nihola.dk/,"
MH85+65 Copenhagen, Denmark",55.7119439,12.2841755
Loop Rentals - Cargo e-Bikes,"4.8
(110)",(110),Tour operator,"Sindshvilevej 4, 2000 København, Denmark","
+45 61 10 88 08",https://loop-rentals.com/,"
MGPP+2X Copenhagen, Denmark",55.6850089,12.4653863
Buddha Bikes,"4.7
(298)",(110),Bicycle Shop,"Emblasgade 175, 2100 København, Denmark",No Phone,http://www.buddhabikes.dk/,"
PH53+3H Copenhagen, Denmark",55.7077008,12.4817947
cykelexspres klassisk &EL,"4.1
(136)",(110),Bicycle Shop,"Nørrebrogade 46, 2200 København N, Denmark","
+45 35 35 81 82",https://cykelexpres.dk/vare-kategori/herrecykler/,"
MHQ4+QM Copenhagen, Denmark",55.7077008,12.4817947
Recycles,"4.8
(66)",(110),Bicycle Shop,"Dybbølsgade 59, 1750 København, Denmark","
+45 31 33 90 28",http://recycles.dk/,"
MG8X+PC Copenhagen Municipality, Denmark",55.666849,12.476504
Isak Cykelservice,"4.8
(96)",(110),Bicycle Shop,"Jagtvej 195, 2100 København, Denmark","
+45 27 82 23 82",No Website,"
PH59+5X Copenhagen, Denmark",55.7079344,12.4977895
Norreport Bikes,"3.8
(86)",(110),Bicycle Shop,"Nørre Voldgade 11, 1358 København, Denmark","
+45 50 82 00 04",https://norreportbikes.dk/,"
MHMC+78 Copenhagen, Denmark",55.7079344,12.4977895
Indian Bike Shop,"4.7
(41)",(110),Bicycle Shop,"Tagensvej 180, ST,TV, 2200 KØBENHAVN N, Denmark","
+45 27 21 48 06",https://www.proff.dk/firma/indian-bike-shop-vparamvir-singh/k%C3%B8benhavn-n/butikhandel/GXFUMZI10MC/,"
PG4V+8F Copenhagen, Denmark",55.7079344,12.4977895
Star Cykel,"2.9
(46)",(110),Bicycle Shop,"Nørrebrogade 190, 2200 København, Denmark","
+45 30 71 30 55",http://www.facebook.com/pages/Star-Cykel/412675198770009,"
MGXV+3J Copenhagen, Denmark",55.7079344,12.4977895
Sali's Bike,"4.8
(302)",(110),Bicycle Shop,"H. P. Ørums Gade 1, 2100 København, Denmark","
+45 71 52 95 32",https://www.salisbike.dk/,"
PH56+X2 Copenhagen, Denmark",55.7079344,12.4977895
Retro Cykler,"4.8
(102)",(110),Bicycle Shop,"Jagtvej 79, 2200 København, Denmark","
+45 60 15 94 44",No Website,"
MGVX+WM Copenhagen, Denmark",55.7079344,12.4977895
A H Cycles,"4.4
(104)",(110),Bicycle Shop,"Istedgade 39, 1650 København, Denmark","
+45 36 89 38 00",http://www.ahcykler.dk/,"
MH94+XF Copenhagen, Denmark",55.669878,12.4840878
Adam Cykler,"4.8
(45)",(110),Bicycle Shop,"Vesterbrogade 92, 1620 København, Denmark","
+45 61 66 63 98",http://www.vesterbrogade-shopping.dk/butik/adam-cykler-5047.html,"
MGCX+W9 Copenhagen, Denmark",55.669878,12.4840878
Kgs Have Cykler,"4.9
(166)",(110),Bicycle Shop,"Sølvgade 26, 1307 København, Denmark","
+45 26 44 30 30",https://www.kgshavecykler.dk/,"
MHPJ+MQ Copenhagen, Denmark",55.669878,12.4840878
Hafnia Cykler,"4.2
(43)",(110),Bicycle repair shop,"Stefansgade 51, 2200 København, Denmark","
+45 28 97 58 28",No Website,"
MGVR+2C Copenhagen, Denmark",55.6925537,12.4690133
Cykel Chefen,"4.7
(151)",(110),Bicycle repair shop,"Nørre Søgade 41, 1370 København, Denmark","
+45 71 45 50 73",No Website,"
MHJ6+RJ Copenhagen, Denmark",55.6925537,12.4690133
Uptown Bikes,"4.3
(53)",(110),Bicycle repair shop,"Frederiksberg Allé 32, 1820 Frederiksberg, Denmark","
+45 52 42 06 08",https://www.dba.dk/saelger/uptown-bikes/dbaboost/a4400682-0878-4428-af3b-250942a7317a,"
MGFW+CC Frederiksberg, Denmark",55.6925537,12.4690133
CPH Bike Shop,"4.4
(154)",(110),Bicycle Shop,"Holmbladsgade 38, 2300 København S, Denmark","
+45 32 96 34 28",https://www.cphbikeshop.dk/,"
MJ74+XF Copenhagen, Denmark",55.6649115,12.5340825
Arosa Cykler,"4.9
(47)",(110),Bicycle Shop,"Vesterbrogade 135, 1620 København, Denmark","
+45 61 65 35 93",http://arosacykler.dk/,"
MGCR+36 Copenhagen, Denmark",55.670181,12.4684453
Sam Cykler,"3.6
(54)",(110),Bicycle Shop,"Amagerbrogade 16, 2300 København, Denmark","
+45 60 47 14 71",No Website,"
MH8X+Q3 Copenhagen, Denmark",55.6669433,12.5255947
Enghave Cykler,"4.5
(56)",(110),Bicycle Shop,"Enghavevej 63, 1674 København V, Denmark","
+45 71 32 16 83",No Website,"
MG8V+68 Copenhagen, Denmark",55.6655389,12.4712597
Cykel Hjørnet,"4.9
(33)",(110),Bicycle repair shop,"Nygårdsvej 27, 2100 København, Denmark","
+45 42 72 29 71",No Website,"
PH6F+Q2 Copenhagen, Denmark",55.7119439,12.5004688
Islands Brygge Cykler,"4.4
(82)",(110),Bicycle Shop,"Islands Brygge 15, 2300 København, Denmark","
+45 32 20 20 57",https://www.facebook.com/Islandsbryggecykler/,"
MH9H+37 Copenhagen, Denmark",55.6676761,12.5060659
Fix & Færdig Bike,"4.7
(207)",(110),Bicycle repair shop,"Amagerbrogade 59, 2300 København, Denmark","
+45 93 97 56 58",https://fixogfaerdigbike.dk/,"
MJ63+R8 Copenhagen, Denmark",55.6676761,12.5060659
Noa cykler,"3.9
(77)",(110),Bicycle Shop,"Nordre Frihavnsgade 56, 2100 København, Denmark","
+45 50 69 76 75",http://www.noacykler.dk/,"
PH2M+W7 Copenhagen, Denmark",55.7022892,12.5110968
Baisikeli,"4.2
(299)",(110),Bicycle Shop,"Ingerslevsgade 100, 1705 København, Denmark","
+45 26 70 02 29",http://www.baisikeli.dk/,"
MG89+HF Copenhagen, Denmark",55.6663927,12.4466253
Blegdams Cykler,"4.6
(37)",(110),Bicycle Shop,"Blegdamsvej 40, 2100 København, Denmark","
+45 32 13 81 82",http://www.blegdamscykler.dk/,"
MHV8+79 Copenhagen, Denmark",55.693186,12.4938972
Al Zahraa Bicycles,"3.2
(5)",(110),Bicycle repair shop,"Nørrebrogade 74, 2200 København, Denmark","
+45 35 35 33 44",No Website,"
MHR3+H9 Copenhagen, Denmark",55.693186,12.4938972
Copenhagen Bikeshop,"4.5
(46)",(110),Bicycle Shop,"Jagtvej 68, 2200 København, Denmark","
+45 81 74 16 96",http://www.copenhagenbikeshop.dk/,"
MHW2+99 Copenhagen, Denmark",55.693186,12.4938972
ELME CYKLER,"4.8
(23)",(110),Road cycling,"Nørrebrogade 32, 2200 København N, Denmark","
+45 60 60 60 18",http://www.elmecykler.dk/,"
MHQ5+HJ Copenhagen, Denmark",55.693186,12.4938972
Kædesmeden,"4.9
(87)",(110),Bicycle repair shop,"Enghavevej 10, 1674 København, Denmark","
+45 93 80 73 70",https://kaedesmeden.dk/,"
MGCW+58 Copenhagen, Denmark",55.693186,12.4938972
"Max's Bike (Repair, Rent, Buy)","2.9
(36)",(110),Bicycle Shop,"Nørre Farimagsgade 40, 1364 København, Denmark","
+45 91 41 15 52",http://www.maxbike.dk/,"
MHM8+7J Copenhagen, Denmark",55.693186,12.4938972
Bike Time S.m.b.a,"2.6
(93)",(110),Bicycle Shop,"Amagerbrogade 124, 2300 København, Denmark","
+45 93 91 01 81",http://biketime.dk/,"
MJ55+46 Copenhagen, Denmark",55.6578235,12.5359055
Svanemøllens Cykler,"5.0
(264)",(110),Bicycle Shop,"Østerbrogade 165, 2100 København, Denmark","
+45 39 20 42 90",http://svanemoellenscykler.dk/,"
PH8G+4V Copenhagen, Denmark",55.7152989,12.5051491
Rosenborg Cykler,"4.5
(131)",(110),Bicycle repair shop,"Rosenborggade 3, 1130 København, Denmark","
+45 20 44 55 57",http://www.rosenborgcykler.dk/,"
MHMF+8G Copenhagen, Denmark",55.6833552,12.501662
City Bike,"4.7
(27)",(110),Bicycle Shop,"Frederiksborggade 41, 1360 København, Denmark","
+45 28 46 68 71",No Website,"
MHP8+69 Copenhagen, Denmark",55.6833552,12.501662
The Way to Bike,"4.2
(5)",(110),Bicycle Shop,"Rømersgade 7, 1362 København, Denmark","
+45 93 80 64 42",http://www.thewaytobike.dk/,"
MHM9+83 Copenhagen, Denmark",55.6833552,12.501662
Classen's Cykler,"4.4
(17)",(110),Bicycle Shop,"Classensgade 11, 2100 København, Denmark","
+45 35 26 55 44",http://www.classenscykler.dk/,"
MHWJ+PJ Copenhagen, Denmark",55.6833552,12.501662
Haider Cycle Workshop,"2.1
(38)",(110),Bicycle repair shop,"Gormsgade 1, 2200 København, Denmark","
+45 52 92 71 49",https://haiderscykler.dk/,"
MGWW+R6 Copenhagen, Denmark",55.6833552,12.501662
Luca's Cykler,"4.0
(102)",(110),Bicycle Shop,"Fredensgade 15A, 2200 København, Denmark","
+45 23 32 39 83",http://www.lucascykler.dk/,"
MHV8+6R Copenhagen, Denmark",55.6833552,12.501662
Neptun Cykler,"3.6
(182)",(110),Bicycle Shop,"Teglholmsgade 4C, 2450 København, Denmark","
+45 61 50 50 81",https://neptuncykler.dk/,"
MG3V+69 Copenhagen, Denmark",55.653068,12.4713752
Forum cykler værksted,"3.8
(31)",(110),Bicycle Shop,"Rosenørns Allé 9, 1970 Frederiksberg C, Denmark","
+45 27 11 97 55",https://forum-cykler.dk/,"
MHJ4+J3 Frederiksberg C, Frederiksberg, Denmark",55.6815397,12.4831249
Fri BikeShop,"4.2
(78)",(110),Bicycle Shop,"Griffenfeldsgade 37, 2200 København N, Denmark","
+45 35 37 15 71",https://www.fribikeshop.dk/butikker/koebenhavn/noerrebro,"
MHP3+G6 Copenhagen, Denmark",55.6815397,12.4831249
VELOHOUSE - House of E-bikes,"4.8
(122)",(110),Electric bicycle store,"Gammel Køge Landevej 57, 2500 København, Denmark","
+45 41 37 21 00",https://velohouse.dk/,"
MG47+VF Copenhagen, Denmark",55.6571329,12.4416397
Søgade Cykler,"4.9
(64)",(110),Bicycle Shop,"Sølvgade 104, 1307 København K, Denmark","
+45 33 15 97 46",http://xn--sgadecykler-ggb.dk/,"
MHRC+7P Copenhagen, Denmark",55.6907301,12.4997168
specialized,,(110),Used bicycle shop,"Refshalevej 325, 1432 København, Denmark",No Phone,No Website,"
MJW5+5C Copenhagen, Denmark",55.6954936,12.5364363
Babylon Cykler,"2.5
(33)",(110),Bicycle Shop,"Nørrebrogade 108, 2200 København, Denmark","
+45 35 34 19 54",No Website,"
MHV2+86 Copenhagen, Denmark",55.6933405,12.4785094
Christiania Bikes,"4.3
(48)",(110),Bicycle Shop,"Fabriksområdet 91, 1440 København K, Denmark","
+45 70 70 76 80",https://christianiacykler.dk/,"
MJF2+FF Copenhagen, Denmark",55.6736848,12.5291286
Larry vs. Harry,"4.5
(52)",(110),Bicycle Shop,"Frederiksborggade 43, 1361 Indre By, Denmark","
+45 31 36 17 19",http://www.larryvsharry.com/,"
MHP8+87 Indre By, Copenhagen, Denmark",55.6858257,12.4936287
Marry cykler,"5.0
(176)",(110),Bicycle rental service,"Frederiksborgvej 50c, 2400 København, Denmark","
+45 31 13 11 65",https://www.rentbike.nu/,"
PG4J+FW Copenhagen, Denmark",55.706136,12.4601951
Leadout Cycling,"4.3
(170)",(110),Bicycle Shop,"Strandvejen 60, 2900 Hellerup, Denmark","
+45 23 63 63 16",https://leadoutcycling.com/,"
PHGG+WR Hellerup, Denmark",55.7272536,12.5049793
BIKEFITPRO,"5.0
(117)",(110),Bicycle Shop,"Amerika Pl. 26B, St, 2100 København, Denmark","
+45 27 60 80 87",http://www.bikefitpro.dk/,"
MHXV+VP Copenhagen, Denmark",55.6996801,12.5222373
OMNIUM Nørrebro,"4.2
(30)",(110),Bicycle Shop,"Nørrebrogade 200, 2200 København, Denmark","
+45 30 20 44 84",https://omniumcargo.com/,"
MGXV+C5 Copenhagen, Denmark",55.6985324,12.4707898
Byens Bedste Brugte Cykler,,(110),Used bicycle shop,"Frederiks Brygge, 2450 København, Denmark",No Phone,No Website,"
MG4X+FM Copenhagen, Denmark",55.6561339,12.4770565
citibikenyc,,(110),No Category,"Refshalevej 325, 1432 København, Denmark",No Phone,https://citibikenyc.com/,"
MJW5+5C Copenhagen, Denmark",55.6954936,12.5364363
